pdbid,stem_idx,stem_len,sform,step_idx,step_name,step_id,origin,M_axis
158d,0,10,B,1,CG/AT,A.DC2&B.DG19&&A.DA3&B.DT18,"-0.990,2.377,3.229","0.658,0.749,0.078,-0.746,0.662,-0.065,-0.101,-0.016,0.995"
158d,0,10,B,2,TA/GC,B.DT18&A.DA3&&B.DG19&A.DC2,"-1.383,2.103,3.274","0.658,0.746,0.101,-0.749,0.662,-0.016,-0.078,-0.065,0.995"
158d,0,10,B,3,AT/AT,A.DA3&B.DT18&&A.DA4&B.DT17,"0.687,1.008,3.097","0.907,0.389,-0.159,-0.390,0.920,0.028,0.157,0.036,0.987"
158d,0,10,B,4,TA/TA,B.DT17&A.DA4&&B.DT18&A.DA3,"-0.524,0.747,3.201","0.907,0.390,-0.157,-0.389,0.920,0.037,0.159,0.028,0.987"
158d,0,10,B,5,AT/GC,A.DA4&B.DT17&&A.DG5&B.DC16,"0.025,-0.040,3.299","0.795,0.607,-0.007,-0.606,0.793,-0.063,-0.032,0.055,0.998"
158d,0,10,B,6,CG/TA,B.DC16&A.DG5&&B.DT17&A.DA4,"0.030,-0.254,3.289","0.795,0.606,0.032,-0.606,0.793,0.054,0.008,-0.063,0.998"
158d,0,10,B,7,GC/CG,A.DG5&B.DC16&&A.DC6&B.DG15,"0.551,-1.206,3.686","0.776,0.630,-0.025,-0.627,0.776,0.076,0.067,-0.043,0.997"
158d,0,10,B,8,GC/CG,B.DG15&A.DC6&&B.DC16&A.DG5,"0.425,-1.001,3.763","0.776,0.627,-0.068,-0.630,0.775,-0.043,0.025,0.076,0.997"
158d,0,10,B,9,CG/TA,A.DC6&B.DG15&&A.DT7&B.DA14,"0.220,-0.206,3.425","0.822,0.569,-0.016,-0.569,0.822,0.033,0.032,-0.018,0.999"
158d,0,10,B,10,AT/GC,B.DA14&A.DT7&&B.DG15&A.DC6,"-0.009,-0.181,3.433","0.822,0.569,-0.032,-0.569,0.822,-0.018,0.016,0.033,0.999"
158d,0,10,B,11,TA/TA,A.DT7&B.DA14&&A.DT8&B.DA13,"-0.208,0.549,3.274","0.871,0.453,-0.190,-0.455,0.890,0.037,0.186,0.054,0.981"
158d,0,10,B,12,AT/AT,B.DA13&A.DT8&&B.DA14&A.DT7,"0.553,0.704,3.203","0.871,0.455,-0.185,-0.453,0.890,0.054,0.190,0.037,0.981"
158d,0,10,B,13,TA/GC,A.DT8&B.DA13&&A.DG9&B.DC12,"-1.429,2.070,3.165","0.672,0.732,0.114,-0.736,0.677,-0.005,-0.081,-0.081,0.993"
158d,0,10,B,14,CG/AT,B.DC12&A.DG9&&B.DA13&A.DT8,"-0.917,2.436,3.093","0.672,0.736,0.081,-0.732,0.676,-0.080,-0.114,-0.005,0.993"
196d,0,10,B,15,TA/CG,A.DT2&B.DA19&&A.DC3&B.DG18,"-0.200,-0.309,3.557","0.766,0.637,-0.082,-0.639,0.770,0.001,0.064,0.052,0.997"
196d,0,10,B,16,GC/AT,B.DG18&A.DC3&&B.DA19&A.DT2,"0.643,-0.105,3.517","0.766,0.639,-0.064,-0.637,0.770,0.052,0.082,0.002,0.997"
196d,0,10,B,17,CG/TA,A.DC3&B.DG18&&A.DT4&B.DA17,"-0.115,0.139,3.162","0.883,0.466,-0.050,-0.463,0.884,0.056,0.071,-0.026,0.997"
196d,0,10,B,18,AT/GC,B.DA17&A.DT4&&B.DG18&A.DC3,"0.196,0.352,3.141","0.883,0.463,-0.071,-0.467,0.884,-0.026,0.050,0.055,0.997"
196d,0,10,B,19,TA/CG,A.DT4&B.DA17&&A.DC5&B.DG16,"0.477,1.734,3.399","0.762,0.647,-0.029,-0.646,0.763,0.013,0.031,0.009,0.999"
196d,0,10,B,20,GC/AT,B.DG16&A.DC5&&B.DA17&A.DT4,"-1.384,1.060,3.427","0.762,0.646,-0.032,-0.646,0.763,0.009,0.029,0.013,0.999"
196d,0,10,B,21,CG/GC,A.DC5&B.DG16&&A.DG6&B.DC15,"-1.398,0.650,3.447","0.832,0.554,-0.028,-0.555,0.830,-0.047,-0.003,0.055,0.998"
196d,0,10,B,22,CG/GC,B.DC15&A.DG6&&B.DG16&A.DC5,"0.899,1.153,3.482","0.832,0.555,0.003,-0.555,0.830,0.055,0.028,-0.047,0.998"
196d,0,10,B,23,GC/AT,A.DG6&B.DC15&&A.DA7&B.DT14,"0.143,0.500,3.255","0.740,0.670,-0.056,-0.670,0.742,0.039,0.067,0.009,0.998"
196d,0,10,B,24,TA/CG,B.DT14&A.DA7&&B.DC15&A.DG6,"-0.259,0.402,3.262","0.740,0.669,-0.068,-0.670,0.742,0.009,0.056,0.039,0.998"
196d,0,10,B,25,AT/GC,A.DA7&B.DT14&&A.DG8&B.DC13,"0.236,0.362,2.974","0.879,0.466,-0.105,-0.472,0.881,-0.041,0.074,0.086,0.994"
196d,0,10,B,26,CG/TA,B.DC13&A.DG8&&B.DT14&A.DA7,"-0.062,0.086,3.004","0.878,0.472,-0.074,-0.465,0.881,0.086,0.105,-0.041,0.994"
196d,0,10,B,27,GC/AT,A.DG8&B.DC13&&A.DA9&B.DT12,"-0.075,-0.433,3.479","0.788,0.614,0.038,-0.615,0.788,0.017,-0.019,-0.036,0.999"
196d,0,10,B,28,TA/CG,B.DT12&A.DA9&&B.DC13&A.DG8,"0.194,-0.237,3.493","0.788,0.615,0.019,-0.614,0.788,-0.037,-0.038,0.016,0.999"
1d23,0,10,B,29,GC/AT,A.DG2&B.DC19&&A.DA3&B.DT18,"0.302,-0.317,3.664","0.737,0.676,0.022,-0.676,0.737,0.002,-0.014,-0.017,1.000"
1d23,0,10,B,30,TA/CG,B.DT18&A.DA3&&B.DC19&A.DG2,"-0.088,-0.429,3.664","0.737,0.676,0.014,-0.676,0.737,-0.016,-0.022,0.002,1.000"
1d23,0,10,B,31,AT/TA,A.DA3&B.DT18&&A.DT4&B.DA17,"0.512,-0.443,3.142","0.838,0.546,-0.016,-0.545,0.837,-0.046,-0.012,0.047,0.999"
1d23,0,10,B,32,AT/TA,B.DA17&A.DT4&&B.DT18&A.DA3,"-0.138,-0.794,3.111","0.838,0.545,0.012,-0.545,0.837,0.047,0.016,-0.046,0.999"
1d23,0,10,B,33,TA/CG,A.DT4&B.DA17&&A.DC5&B.DG16,"-0.084,-0.225,3.338","0.761,0.642,0.088,-0.646,0.763,0.016,-0.057,-0.069,0.996"
1d23,0,10,B,34,GC/AT,B.DG16&A.DC5&&B.DA17&A.DT4,"-0.085,-0.064,3.345","0.761,0.646,0.057,-0.643,0.763,-0.069,-0.088,0.016,0.996"
1d23,0,10,B,35,CG/GC,A.DC5&B.DG16&&A.DG6&B.DC15,"-0.018,0.535,3.347","0.871,0.457,-0.181,-0.454,0.889,0.059,0.189,0.031,0.982"
1d23,0,10,B,36,CG/GC,B.DC15&A.DG6&&B.DG16&A.DC5,"0.378,0.683,3.298","0.871,0.454,-0.188,-0.457,0.889,0.031,0.181,0.060,0.982"
1d23,0,10,B,37,GC/AT,A.DG6&B.DC15&&A.DA7&B.DT14,"-0.713,0.431,3.306","0.766,0.643,0.007,-0.641,0.764,-0.072,-0.051,0.051,0.997"
1d23,0,10,B,38,TA/CG,B.DT14&A.DA7&&B.DC15&A.DG6,"0.247,0.549,3.356","0.766,0.641,0.051,-0.643,0.765,0.051,-0.007,-0.072,0.997"
1d23,0,10,B,39,AT/TA,A.DA7&B.DT14&&A.DT8&B.DA13,"-0.034,-0.413,3.192","0.834,0.548,0.065,-0.548,0.836,-0.021,-0.066,-0.018,0.998"
1d23,0,10,B,40,AT/TA,B.DA13&A.DT8&&B.DT14&A.DA7,"0.047,-0.393,3.194","0.834,0.548,0.066,-0.548,0.836,-0.018,-0.065,-0.021,0.998"
1d23,0,10,B,41,TA/CG,A.DT8&B.DA13&&A.DC9&B.DG12,"-0.209,-0.097,3.524","0.717,0.695,0.047,-0.695,0.719,-0.010,-0.041,-0.026,0.999"
1d23,0,10,B,42,GC/AT,B.DG12&A.DC9&&B.DA13&A.DT8,"0.051,0.041,3.531","0.717,0.696,0.041,-0.695,0.719,-0.025,-0.047,-0.009,0.999"
1d3r,0,8,B,43,CG/CG,A.DC6&B.DG19&&A.DC7&B.DG18,"-0.164,0.025,3.223","0.875,0.475,-0.091,-0.473,0.880,0.044,0.101,0.004,0.995"
1d3r,0,8,B,44,GC/GC,B.DG18&A.DC7&&B.DG19&A.DC6,"0.426,0.242,3.190","0.875,0.473,-0.101,-0.476,0.880,0.004,0.092,0.044,0.995"
1d3r,0,8,B,45,CG/GC,A.DC7&B.DG18&&A.DG8&B.DC17,"0.085,1.224,3.479","0.806,0.576,-0.137,-0.577,0.816,0.038,0.133,0.048,0.990"
1d3r,0,8,B,46,CG/GC,B.DC17&A.DG8&&B.DG18&A.DC7,"-0.297,1.081,3.515","0.806,0.577,-0.133,-0.576,0.816,0.048,0.137,0.038,0.990"
1d3r,0,8,B,47,GC/CG,A.DG8&B.DC17&&A.DC9&B.DG16,"-0.602,-0.086,3.159","0.825,0.555,-0.104,-0.562,0.826,-0.048,0.059,0.098,0.993"
1d3r,0,8,B,48,GC/CG,B.DG16&A.DC9&&B.DC17&A.DG8,"0.872,0.115,3.095","0.825,0.562,-0.059,-0.555,0.826,0.098,0.104,-0.048,0.993"
1d3r,0,8,B,49,CG/GC,A.DC9&B.DG16&&A.DG10&B.DC15,"0.501,0.994,3.194","0.858,0.505,-0.092,-0.508,0.861,0.004,0.082,0.043,0.996"
1d3r,0,8,B,50,CG/GC,B.DC15&A.DG10&&B.DG16&A.DC9,"-0.638,0.616,3.264","0.857,0.508,-0.082,-0.505,0.862,0.043,0.092,0.005,0.996"
1d3r,1,8,B,51,CG/CG,C.DC36&D.DG49&&C.DC37&D.DG48,"-0.109,-0.279,3.565","0.846,0.507,-0.162,-0.516,0.856,-0.016,0.131,0.097,0.987"
1d3r,1,8,B,52,GC/GC,D.DG48&C.DC37&&D.DG49&C.DC36,"0.812,-0.237,3.476","0.847,0.516,-0.131,-0.507,0.856,0.097,0.162,-0.015,0.987"
1d3r,1,8,B,53,CG/GC,C.DC37&D.DG48&&C.DG38&D.DC47,"0.604,0.863,3.173","0.848,0.510,-0.145,-0.511,0.859,0.038,0.143,0.042,0.989"
1d3r,1,8,B,54,CG/GC,D.DC47&C.DG38&&D.DG48&C.DC37,"-0.492,0.552,3.260","0.848,0.511,-0.144,-0.511,0.859,0.042,0.145,0.038,0.989"
1d3r,1,8,B,55,GC/CG,C.DG38&D.DC47&&C.DC39&D.DG46,"-1.779,0.953,3.334","0.780,0.624,-0.044,-0.626,0.777,-0.062,-0.004,0.076,0.997"
1d3r,1,8,B,56,GC/CG,D.DG46&C.DC39&&D.DC47&C.DG38,"0.940,1.649,3.404","0.780,0.626,0.005,-0.624,0.777,0.076,0.044,-0.061,0.997"
1d3r,1,8,B,57,CG/GC,C.DC39&D.DG46&&C.DG40&D.DC45,"0.627,1.180,3.227","0.878,0.473,-0.066,-0.474,0.880,0.006,0.062,0.026,0.998"
1d3r,1,8,B,58,CG/GC,D.DC45&C.DG40&&D.DG46&C.DC39,"-0.894,0.761,3.290","0.878,0.474,-0.061,-0.473,0.880,0.026,0.067,0.006,0.998"
1d49,0,10,B,59,GC/AT,A.DG2&B.DC19&&A.DA3&B.DT18,"0.483,-0.449,3.526","0.745,0.666,0.029,-0.666,0.744,0.055,0.015,-0.060,0.998"
1d49,0,10,B,60,TA/CG,B.DT18&A.DA3&&B.DC19&A.DG2,"-0.162,-0.464,3.553","0.746,0.666,-0.015,-0.666,0.743,-0.060,-0.029,0.055,0.998"
1d49,0,10,B,61,AT/TA,A.DA3&B.DT18&&A.DT4&B.DA17,"0.564,-0.477,3.229","0.829,0.559,-0.033,-0.559,0.827,-0.051,-0.000,0.061,0.998"
1d49,0,10,B,62,AT/TA,B.DA17&A.DT4&&B.DT18&A.DA3,"-0.094,-0.873,3.194","0.829,0.559,0.001,-0.559,0.827,0.060,0.033,-0.051,0.998"
1d49,0,10,B,63,TA/TA,A.DT4&B.DA17&&A.DT5&B.DA16,"0.135,-0.257,3.278","0.815,0.574,0.076,-0.577,0.817,0.015,-0.054,-0.056,0.997"
1d49,0,10,B,64,AT/AT,B.DA16&A.DT5&&B.DA17&A.DT4,"-0.213,-0.241,3.275","0.815,0.576,0.054,-0.574,0.817,-0.056,-0.077,0.014,0.997"
1d49,0,10,B,65,TA/AT,A.DT5&B.DA16&&A.DA6&B.DT15,"-0.055,0.759,3.109","0.819,0.562,-0.119,-0.557,0.827,0.075,0.140,0.005,0.990"
1d49,0,10,B,66,TA/AT,B.DT15&A.DA6&&B.DA16&A.DT5,"-0.013,0.891,3.074","0.819,0.557,-0.140,-0.562,0.827,0.005,0.119,0.075,0.990"
1d49,0,10,B,67,AT/AT,A.DA6&B.DT15&&A.DA7&B.DT14,"-1.056,0.284,3.439","0.784,0.619,0.044,-0.614,0.785,-0.087,-0.089,0.041,0.995"
1d49,0,10,B,68,TA/TA,B.DT14&A.DA7&&B.DT15&A.DA6,"0.500,0.572,3.528","0.784,0.614,0.089,-0.619,0.784,0.041,-0.044,-0.087,0.995"
1d49,0,10,B,69,AT/TA,A.DA7&B.DT14&&A.DT8&B.DA13,"0.371,-0.422,3.196","0.828,0.557,0.066,-0.560,0.828,0.021,-0.042,-0.055,0.998"
1d49,0,10,B,70,AT/TA,B.DA13&A.DT8&&B.DT14&A.DA7,"-0.282,-0.488,3.196","0.828,0.559,0.043,-0.557,0.828,-0.054,-0.066,0.022,0.998"
1d49,0,10,B,71,TA/CG,A.DT8&B.DA13&&A.DC9&B.DG12,"-0.159,0.040,3.427","0.743,0.670,0.012,-0.669,0.743,-0.009,-0.015,-0.001,1.000"
1d49,0,10,B,72,GC/AT,B.DG12&A.DC9&&B.DA13&A.DT8,"0.051,0.104,3.429","0.742,0.670,0.015,-0.669,0.743,-0.001,-0.012,-0.010,1.000"
1d56,0,10,B,73,GC/AT,A.DG2&B.DC19&&A.DA3&B.DT18,"0.163,-0.147,3.666","0.734,0.674,0.080,-0.677,0.736,0.010,-0.053,-0.062,0.997"
1d56,0,10,B,74,TA/CG,B.DT18&A.DA3&&B.DC19&A.DG2,"-0.316,-0.181,3.655","0.734,0.677,0.052,-0.674,0.736,-0.062,-0.081,0.010,0.997"
1d56,0,10,B,75,AT/TA,A.DA3&B.DT18&&A.DT4&B.DA17,"0.890,-0.327,3.011","0.865,0.500,-0.052,-0.501,0.865,0.001,0.045,0.026,0.999"
1d56,0,10,B,76,AT/TA,B.DA17&A.DT4&&B.DT18&A.DA3,"-0.450,-0.728,3.038","0.864,0.501,-0.045,-0.500,0.866,0.026,0.052,0.001,0.999"
1d56,0,10,B,77,TA/AT,A.DT4&B.DA17&&A.DA5&B.DT16,"-0.054,0.118,3.647","0.739,0.674,-0.016,-0.673,0.739,-0.028,-0.007,0.032,0.999"
1d56,0,10,B,78,TA/AT,B.DT16&A.DA5&&B.DA17&A.DT4,"0.020,0.020,3.649","0.739,0.674,0.007,-0.673,0.739,0.032,0.016,-0.028,0.999"
1d56,0,10,B,79,AT/TA,A.DA5&B.DT16&&A.DT6&B.DA15,"-0.075,-0.285,3.259","0.917,0.384,-0.102,-0.378,0.923,0.075,0.123,-0.031,0.992"
1d56,0,10,B,80,AT/TA,B.DA15&A.DT6&&B.DT16&A.DA5,"0.511,0.010,3.232","0.918,0.378,-0.123,-0.384,0.923,-0.030,0.102,0.075,0.992"
1d56,0,10,B,81,TA/AT,A.DT6&B.DA15&&A.DA7&B.DT14,"-1.222,0.875,3.351","0.693,0.720,0.039,-0.716,0.693,-0.086,-0.089,0.032,0.996"
1d56,0,10,B,82,TA/AT,B.DT14&A.DA7&&B.DA15&A.DT6,"0.085,1.192,3.473","0.693,0.715,0.090,-0.720,0.693,0.032,-0.039,-0.086,0.996"
1d56,0,10,B,83,AT/TA,A.DA7&B.DT14&&A.DT8&B.DA13,"0.479,-0.328,3.226","0.850,0.521,0.072,-0.525,0.850,0.040,-0.041,-0.072,0.997"
1d56,0,10,B,84,AT/TA,B.DA13&A.DT8&&B.DT14&A.DA7,"-0.470,-0.402,3.219","0.850,0.525,0.041,-0.521,0.850,-0.072,-0.072,0.040,0.997"
1d56,0,10,B,85,TA/CG,A.DT8&B.DA13&&A.DC9&B.DG12,"-0.033,-0.041,3.556","0.756,0.654,-0.035,-0.655,0.755,-0.033,0.005,0.048,0.999"
1d56,0,10,B,86,GC/AT,B.DG12&A.DC9&&B.DA13&A.DT8,"0.178,-0.126,3.550","0.756,0.655,-0.005,-0.654,0.755,0.048,0.036,-0.033,0.999"
1d61,0,10,B,87,CG/AT,A.DC2&A.DG9&&A.DA3&A.DT8,"-1.209,2.587,3.196","0.632,0.762,0.144,-0.757,0.646,-0.100,-0.168,-0.046,0.985"
1d61,0,10,B,88,TA/GC,A.DT8&A.DA3&&A.DG9&A.DC2,"-1.666,2.269,3.232","0.632,0.757,0.168,-0.761,0.647,-0.046,-0.144,-0.100,0.985"
1d61,0,10,B,89,AT/AT,A.DA3&A.DT8&&A.DA4&A.DT7,"0.642,0.315,3.361","0.868,0.463,-0.181,-0.467,0.884,0.021,0.170,0.066,0.983"
1d61,0,10,B,90,TA/TA,A.DT7&A.DA4&&A.DT8&A.DA3,"-0.094,0.050,3.434","0.868,0.467,-0.170,-0.463,0.884,0.066,0.181,0.021,0.983"
1d61,0,10,B,91,TA/TA,A.DT7&A.DA4&&A.DT8&A.DA3,"-0.093,0.049,3.434","0.868,0.467,-0.170,-0.463,0.884,0.066,0.181,0.021,0.983"
1d61,0,10,B,92,AT/AT,A.DA3&A.DT8&&A.DA4&A.DT7,"0.642,0.315,3.360","0.868,0.463,-0.181,-0.466,0.884,0.021,0.170,0.066,0.983"
1d61,0,10,B,93,TA/GC,A.DT8&A.DA3&&A.DG9&A.DC2,"-1.665,2.268,3.232","0.632,0.756,0.169,-0.762,0.646,-0.046,-0.145,-0.099,0.985"
1d61,0,10,B,94,CG/AT,A.DC2&A.DG9&&A.DA3&A.DT8,"-1.210,2.584,3.197","0.632,0.762,0.144,-0.756,0.647,-0.099,-0.169,-0.047,0.985"
1d8g,0,10,B,95,CG/AT,A.DC2&A.DG9&&A.DA3&A.DT8,"-1.233,2.632,3.266","0.629,0.769,0.115,-0.766,0.638,-0.081,-0.136,-0.038,0.990"
1d8g,0,10,B,96,TA/GC,A.DT8&A.DA3&&A.DG9&A.DC2,"-1.625,2.359,3.302","0.629,0.766,0.136,-0.769,0.638,-0.038,-0.115,-0.081,0.990"
1d8g,0,10,B,97,AT/GC,A.DA3&A.DT8&&A.DG4&A.DC7,"0.660,1.043,3.008","0.919,0.350,-0.181,-0.362,0.931,-0.036,0.157,0.098,0.983"
1d8g,0,10,B,98,CG/TA,A.DC7&A.DG4&&A.DT8&A.DA3,"-0.427,0.627,3.161","0.919,0.362,-0.156,-0.350,0.932,0.098,0.181,-0.035,0.983"
1d8g,0,10,B,99,GC/TA,A.DG4&A.DC7&&A.DT5&A.DA6,"-0.781,-0.020,3.289","0.811,0.585,0.025,-0.585,0.810,0.033,-0.000,-0.041,0.999"
1d8g,0,10,B,100,AT/CG,A.DA6&A.DT5&&A.DC7&A.DG4,"0.564,0.548,3.287","0.811,0.585,0.001,-0.584,0.810,-0.041,-0.024,0.032,0.999"
1d8g,0,10,B,101,TA/AT,A.DT5&A.DA6&&A.DA6&A.DT5,"0.138,-0.054,3.661","0.662,0.748,-0.051,-0.748,0.663,0.023,0.052,0.023,0.998"
1d8g,0,10,B,102,TA/AT,A.DT5&A.DA6&&A.DA6&A.DT5,"0.137,-0.053,3.661","0.662,0.748,-0.052,-0.748,0.663,0.023,0.051,0.023,0.998"
1d8g,0,10,B,103,AT/CG,A.DA6&A.DT5&&A.DC7&A.DG4,"0.563,0.549,3.287","0.811,0.585,-0.000,-0.585,0.810,-0.041,-0.025,0.032,0.999"
1d8g,0,10,B,104,GC/TA,A.DG4&A.DC7&&A.DT5&A.DA6,"-0.780,-0.018,3.289","0.811,0.584,0.024,-0.585,0.810,0.032,-0.001,-0.041,0.999"
1d8g,0,10,B,105,CG/TA,A.DC7&A.DG4&&A.DT8&A.DA3,"-0.427,0.627,3.160","0.919,0.362,-0.156,-0.350,0.931,0.098,0.181,-0.035,0.983"
1d8g,0,10,B,106,AT/GC,A.DA3&A.DT8&&A.DG4&A.DC7,"0.659,1.044,3.006","0.919,0.351,-0.181,-0.362,0.932,-0.035,0.157,0.098,0.983"
1d8g,0,10,B,107,TA/GC,A.DT8&A.DA3&&A.DG9&A.DC2,"-1.626,2.361,3.300","0.629,0.766,0.135,-0.769,0.638,-0.038,-0.115,-0.081,0.990"
1d8g,0,10,B,108,CG/AT,A.DC2&A.DG9&&A.DA3&A.DT8,"-1.233,2.632,3.265","0.629,0.769,0.115,-0.766,0.638,-0.080,-0.135,-0.038,0.990"
1dpn,0,12,B,109,GC/CG,A.DG2&B.DC23&&A.DC3&B.DG22,"0.466,0.771,3.410","0.746,0.665,0.040,-0.665,0.747,-0.007,-0.035,-0.021,0.999"
1dpn,0,12,B,110,GC/CG,B.DG22&A.DC3&&B.DC23&A.DG2,"-0.996,0.242,3.375","0.746,0.665,0.034,-0.664,0.747,-0.021,-0.040,-0.007,0.999"
1dpn,0,12,B,111,CG/GC,A.DC3&B.DG22&&A.DG4&B.DC21,"-0.235,0.568,3.132","0.885,0.432,-0.170,-0.424,0.902,0.083,0.189,-0.002,0.982"
1dpn,0,12,B,112,CG/GC,B.DC21&A.DG4&&B.DG22&A.DC3,"0.494,0.872,3.030","0.886,0.424,-0.189,-0.433,0.902,-0.001,0.170,0.083,0.982"
1dpn,0,12,B,113,GC/AT,A.DG4&B.DC21&&A.DA5&B.DT20,"0.126,-0.032,3.412","0.757,0.651,-0.059,-0.651,0.759,0.027,0.062,0.018,0.998"
1dpn,0,12,B,114,TA/CG,B.DT20&A.DA5&&B.DC21&A.DG4,"0.127,-0.014,3.412","0.757,0.651,-0.062,-0.651,0.759,0.018,0.060,0.027,0.998"
1dpn,0,12,B,115,TA/CG,A.DT8&B.DA17&&A.DC9&B.DG16,"-0.126,-0.188,3.518","0.725,0.689,0.011,-0.688,0.725,-0.024,-0.025,0.010,1.000"
1dpn,0,12,B,116,GC/AT,B.DG16&A.DC9&&B.DA17&A.DT8,"0.180,-0.135,3.519","0.725,0.689,0.025,-0.689,0.725,0.010,-0.011,-0.024,1.000"
1dpn,0,12,B,117,CG/GC,A.DC9&B.DG16&&A.DG10&B.DC15,"0.478,0.945,2.962","0.887,0.461,-0.030,-0.462,0.885,-0.062,-0.002,0.069,0.998"
1dpn,0,12,B,118,CG/GC,B.DC15&A.DG10&&B.DG16&A.DC9,"-0.770,0.430,3.020","0.887,0.462,0.002,-0.462,0.884,0.069,0.030,-0.062,0.998"
1dpn,0,12,B,119,GC/CG,A.DG10&B.DC15&&A.DC11&B.DG14,"-1.661,-0.020,3.265","0.713,0.683,0.157,-0.680,0.729,-0.079,-0.169,-0.051,0.984"
1dpn,0,12,B,120,GC/CG,B.DG14&A.DC11&&B.DC15&A.DG10,"0.684,0.856,3.495","0.713,0.680,0.169,-0.683,0.729,-0.051,-0.158,-0.079,0.984"
1en3,0,10,B,121,CG/AT,A.DC2&A.DG9&&A.DA3&A.DT8,"-1.045,2.512,3.211","0.633,0.764,0.123,-0.766,0.641,-0.034,-0.105,-0.072,0.992"
1en3,0,10,B,122,TA/GC,A.DT8&A.DA3&&A.DG9&A.DC2,"-1.652,2.302,3.112","0.634,0.767,0.105,-0.764,0.641,-0.073,-0.123,-0.034,0.992"
1en3,0,10,B,123,AT/AT,A.DA3&A.DT8&&A.DA4&A.DT7,"0.533,0.576,3.182","0.863,0.486,-0.140,-0.490,0.872,-0.000,0.122,0.070,0.990"
1en3,0,10,B,124,TA/TA,A.DT7&A.DA4&&A.DT8&A.DA3,"-0.293,0.238,3.256","0.863,0.490,-0.123,-0.486,0.871,0.069,0.140,-0.001,0.990"
1en3,0,10,B,125,AT/CG,A.DA4&A.DT7&&A.DC5&A.DG6,"0.414,-0.342,3.125","0.866,0.499,0.028,-0.500,0.866,0.034,-0.007,-0.045,0.999"
1en3,0,10,B,126,GC/TA,A.DG6&A.DC5&&A.DT7&A.DA4,"-0.276,-0.394,3.134","0.866,0.500,0.007,-0.499,0.865,-0.044,-0.029,0.035,0.999"
1en3,0,10,B,127,CG/GC,A.DC5&A.DG6&&A.DG6&A.DC5,"0.314,-0.018,3.751","0.710,0.690,-0.140,-0.689,0.722,0.057,0.140,0.056,0.989"
1en3,0,10,B,128,CG/GC,A.DC5&A.DG6&&A.DG6&A.DC5,"0.315,-0.016,3.751","0.711,0.689,-0.140,-0.690,0.722,0.056,0.140,0.057,0.988"
1en3,0,10,B,129,GC/TA,A.DG6&A.DC5&&A.DT7&A.DA4,"-0.276,-0.395,3.136","0.866,0.500,0.007,-0.498,0.866,-0.044,-0.029,0.035,0.999"
1en3,0,10,B,130,AT/CG,A.DA4&A.DT7&&A.DC5&A.DG6,"0.414,-0.344,3.127","0.866,0.498,0.029,-0.499,0.866,0.035,-0.007,-0.044,0.999"
1en3,0,10,B,131,TA/TA,A.DT7&A.DA4&&A.DT8&A.DA3,"-0.291,0.239,3.255","0.863,0.490,-0.122,-0.485,0.871,0.070,0.141,-0.001,0.990"
1en3,0,10,B,132,AT/AT,A.DA3&A.DT8&&A.DA4&A.DT7,"0.532,0.577,3.181","0.863,0.485,-0.141,-0.491,0.871,-0.001,0.122,0.070,0.990"
1en3,0,10,B,133,TA/GC,A.DT8&A.DA3&&A.DG9&A.DC2,"-1.651,2.303,3.112","0.633,0.767,0.105,-0.764,0.641,-0.073,-0.123,-0.033,0.992"
1en3,0,10,B,134,CG/AT,A.DC2&A.DG9&&A.DA3&A.DT8,"-1.045,2.510,3.213","0.633,0.764,0.123,-0.767,0.641,-0.033,-0.105,-0.073,0.992"
1en9,0,10,B,135,CG/AT,A.DC2&A.DG9&&A.DA3&A.DT8,"-1.261,2.571,3.216","0.626,0.774,0.096,-0.774,0.631,-0.045,-0.095,-0.046,0.994"
1en9,0,10,B,136,TA/GC,A.DT8&A.DA3&&A.DG9&A.DC2,"-1.507,2.456,3.200","0.626,0.774,0.095,-0.774,0.632,-0.046,-0.095,-0.045,0.994"
1en9,0,10,B,137,AT/GC,A.DA3&A.DT8&&A.DG4&A.DC7,"0.587,0.930,3.157","0.922,0.352,-0.159,-0.359,0.933,-0.017,0.142,0.073,0.987"
1en9,0,10,B,138,CG/TA,A.DC7&A.DG4&&A.DT8&A.DA3,"-0.369,0.603,3.267","0.922,0.359,-0.142,-0.352,0.933,0.072,0.158,-0.017,0.987"
1en9,0,10,B,139,GC/CG,A.DG4&A.DC7&&A.DC5&A.DG6,"-0.953,0.365,3.308","0.784,0.618,0.064,-0.618,0.786,-0.019,-0.063,-0.024,0.998"
1en9,0,10,B,140,GC/CG,A.DG6&A.DC5&&A.DC7&A.DG4,"0.309,0.811,3.351","0.784,0.618,0.063,-0.618,0.786,-0.024,-0.064,-0.019,0.998"
1en9,0,10,B,141,CG/GC,A.DC5&A.DG6&&A.DG6&A.DC5,"0.301,-0.006,3.720","0.735,0.664,-0.140,-0.664,0.746,0.054,0.140,0.053,0.989"
1en9,0,10,B,142,CG/GC,A.DC5&A.DG6&&A.DG6&A.DC5,"0.303,-0.004,3.720","0.735,0.664,-0.140,-0.664,0.746,0.053,0.140,0.054,0.989"
1en9,0,10,B,143,GC/CG,A.DG6&A.DC5&&A.DC7&A.DG4,"0.310,0.812,3.352","0.784,0.618,0.062,-0.618,0.786,-0.025,-0.064,-0.019,0.998"
1en9,0,10,B,144,GC/CG,A.DG4&A.DC7&&A.DC5&A.DG6,"-0.953,0.363,3.309","0.784,0.618,0.064,-0.618,0.786,-0.019,-0.062,-0.025,0.998"
1en9,0,10,B,145,CG/TA,A.DC7&A.DG4&&A.DT8&A.DA3,"-0.370,0.603,3.267","0.922,0.359,-0.142,-0.352,0.933,0.073,0.158,-0.018,0.987"
1en9,0,10,B,146,AT/GC,A.DA3&A.DT8&&A.DG4&A.DC7,"0.587,0.931,3.157","0.922,0.352,-0.158,-0.359,0.933,-0.018,0.141,0.073,0.987"
1en9,0,10,B,147,TA/GC,A.DT8&A.DA3&&A.DG9&A.DC2,"-1.506,2.457,3.200","0.626,0.774,0.094,-0.774,0.632,-0.046,-0.095,-0.044,0.994"
1en9,0,10,B,148,CG/AT,A.DC2&A.DG9&&A.DA3&A.DT8,"-1.261,2.570,3.216","0.626,0.774,0.096,-0.774,0.632,-0.044,-0.094,-0.046,0.995"
1enn,0,8,B,149,GC/AT,A.DG3&B.DC17&&A.DA4&B.DT16,"-1.111,1.081,3.260","0.787,0.612,-0.075,-0.613,0.790,0.009,0.064,0.038,0.997"
1enn,0,8,B,150,TA/CG,B.DT16&A.DA4&&B.DC17&A.DG3,"0.456,1.565,3.221","0.787,0.613,-0.064,-0.612,0.790,0.039,0.075,0.009,0.997"
1enn,0,8,B,151,AT/AT,A.DA4&B.DT16&&A.DA5&B.DT15,"0.530,-0.213,3.359","0.779,0.626,-0.037,-0.626,0.780,-0.005,0.025,0.028,0.999"
1enn,0,8,B,152,TA/TA,B.DT15&A.DA5&&B.DT16&A.DA4,"-0.156,-0.517,3.364","0.779,0.626,-0.025,-0.626,0.780,0.027,0.037,-0.005,0.999"
1enn,0,8,B,153,AT/TA,A.DA5&B.DT15&&A.DT6&B.DA14,"0.335,-0.574,3.313","0.858,0.514,-0.000,-0.514,0.858,0.007,0.004,-0.005,1.000"
1enn,0,8,B,154,AT/TA,B.DA14&A.DT6&&B.DT15&A.DA5,"0.009,-0.643,3.317","0.858,0.514,-0.003,-0.514,0.858,-0.005,0.000,0.007,1.000"
1enn,0,8,B,155,TA/TA,A.DT6&B.DA14&&A.DT7&B.DA13,"-0.262,-0.397,3.299","0.788,0.615,-0.026,-0.612,0.788,0.064,0.059,-0.034,0.998"
1enn,0,8,B,156,AT/AT,B.DA13&A.DT7&&B.DA14&A.DT6,"0.534,0.057,3.290","0.788,0.612,-0.059,-0.615,0.788,-0.034,0.025,0.064,0.998"
1enn,0,8,B,157,TA/CG,A.DT7&B.DA13&&A.DC8&B.DG12,"0.536,1.559,3.267","0.771,0.637,0.018,-0.637,0.771,0.009,-0.009,-0.019,1.000"
1enn,0,8,B,158,GC/AT,B.DG12&A.DC8&&B.DA13&A.DT7,"-1.466,0.889,3.232","0.771,0.637,0.009,-0.637,0.771,-0.018,-0.019,0.009,1.000"
1ikk,0,10,B,159,CG/TA,A.DC2&B.DG19&&A.DT3&B.DA18,"0.317,-0.499,3.505","0.799,0.601,-0.007,-0.601,0.799,0.026,0.021,-0.016,1.000"
1ikk,0,10,B,160,AT/GC,B.DA18&A.DT3&&B.DG19&A.DC2,"0.072,-0.499,3.518","0.799,0.601,-0.021,-0.601,0.799,-0.016,0.007,0.026,1.000"
1ikk,0,10,B,161,TA/TA,A.DT3&B.DA18&&A.DT4&B.DA17,"0.322,-0.110,3.150","0.774,0.629,-0.070,-0.634,0.769,-0.088,-0.001,0.113,0.994"
1ikk,0,10,B,162,AT/AT,B.DA17&A.DT4&&B.DA18&A.DT3,"0.042,-0.567,3.117","0.774,0.633,0.001,-0.629,0.769,0.113,0.070,-0.088,0.994"
1ikk,0,10,B,163,TA/TA,A.DT4&B.DA17&&A.DT5&B.DA16,"0.216,-0.153,3.320","0.809,0.587,0.041,-0.588,0.809,0.022,-0.021,-0.042,0.999"
1ikk,0,10,B,164,AT/AT,B.DA16&A.DT5&&B.DA17&A.DT4,"-0.222,-0.179,3.318","0.809,0.588,0.020,-0.586,0.809,-0.042,-0.042,0.021,0.999"
1ikk,0,10,B,165,TA/AT,A.DT5&B.DA16&&A.DA6&B.DT15,"-0.344,0.930,2.999","0.876,0.469,-0.109,-0.467,0.883,0.043,0.116,0.014,0.993"
1ikk,0,10,B,166,TA/AT,B.DT15&A.DA6&&B.DA16&A.DT5,"0.192,1.110,2.951","0.876,0.467,-0.116,-0.469,0.883,0.014,0.109,0.043,0.993"
1ikk,0,10,B,167,AT/AT,A.DA6&B.DT15&&A.DA7&B.DT14,"-1.061,0.704,3.245","0.729,0.681,0.070,-0.680,0.732,-0.044,-0.081,-0.015,0.997"
1ikk,0,10,B,168,TA/TA,B.DT14&A.DA7&&B.DT15&A.DA6,"0.067,1.094,3.309","0.729,0.679,0.081,-0.681,0.732,-0.016,-0.070,-0.044,0.997"
1ikk,0,10,B,169,AT/AT,A.DA7&B.DT14&&A.DA8&B.DT13,"0.366,0.045,3.295","0.790,0.613,0.025,-0.612,0.790,-0.015,-0.029,-0.004,1.000"
1ikk,0,10,B,170,TA/TA,B.DT13&A.DA8&&B.DT14&A.DA7,"-0.399,-0.237,3.283","0.790,0.613,0.029,-0.612,0.791,-0.004,-0.025,-0.015,1.000"
1ikk,0,10,B,171,AT/GC,A.DA8&B.DT13&&A.DG9&B.DC12,"0.669,-0.327,3.585","0.790,0.609,-0.063,-0.607,0.793,0.056,0.083,-0.006,0.996"
1ikk,0,10,B,172,CG/TA,B.DC12&A.DG9&&B.DT13&A.DA8,"-0.105,-0.466,3.630","0.791,0.607,-0.084,-0.609,0.793,-0.006,0.063,0.055,0.996"
1j8l,1,4,B,173,AT/TA,A.DA6&B.DT19&&A.DT7&B.DA18,"0.126,-0.710,3.328","0.849,0.529,0.006,-0.529,0.849,0.003,-0.004,-0.006,1.000"
1j8l,1,4,B,174,AT/TA,B.DA18&A.DT7&&B.DT19&A.DA6,"0.248,-0.660,3.331","0.849,0.529,0.004,-0.529,0.849,-0.005,-0.006,0.003,1.000"
1nvy,0,6,B,175,CG/GC,A.DC2&B.DG9&&A.DG3&B.DC8,"-0.992,2.584,3.321","0.786,0.618,0.011,-0.618,0.786,0.004,-0.006,-0.010,1.000"
1nvy,0,6,B,176,CG/GC,B.DC8&A.DG3&&B.DG9&A.DC2,"-0.854,2.659,3.301","0.786,0.618,0.006,-0.618,0.786,-0.010,-0.011,0.004,1.000"
1nvy,0,6,B,177,GC/GC,A.DG3&B.DC8&&A.DG4&B.DC7,"-0.671,2.345,3.391","0.748,0.657,-0.091,-0.662,0.747,-0.053,0.034,0.100,0.994"
1nvy,0,6,B,178,CG/CG,B.DC7&A.DG4&&B.DC8&A.DG3,"-0.731,2.019,3.583","0.748,0.663,-0.033,-0.657,0.747,0.100,0.091,-0.052,0.994"
1nvy,0,6,B,179,GC/TA,A.DG4&B.DC7&&A.DT5&B.DA6,"-0.642,-0.594,3.294","0.896,0.443,0.007,-0.444,0.896,0.020,0.003,-0.022,1.000"
1nvy,0,6,B,180,AT/CG,B.DA6&A.DT5&&B.DC7&A.DG4,"0.816,-0.182,3.305","0.896,0.443,-0.003,-0.444,0.896,-0.021,-0.007,0.020,1.000"
1nvy,3,6,B,181,CG/GC,A.DC2&B.DG9&&A.DG3&B.DC8,"-0.992,2.584,3.321","0.786,0.618,0.011,-0.618,0.786,0.004,-0.006,-0.010,1.000"
1nvy,3,6,B,182,CG/GC,B.DC8&A.DG3&&B.DG9&A.DC2,"-0.854,2.659,3.301","0.786,0.618,0.006,-0.618,0.786,-0.010,-0.011,0.004,1.000"
1nvy,3,6,B,183,GC/GC,A.DG3&B.DC8&&A.DG4&B.DC7,"-0.671,2.345,3.391","0.748,0.657,-0.091,-0.662,0.747,-0.053,0.034,0.100,0.994"
1nvy,3,6,B,184,CG/CG,B.DC7&A.DG4&&B.DC8&A.DG3,"-0.731,2.019,3.583","0.748,0.663,-0.033,-0.657,0.747,0.100,0.091,-0.052,0.994"
1nvy,3,6,B,185,GC/TA,A.DG4&B.DC7&&A.DT5&B.DA6,"-0.642,-0.594,3.294","0.896,0.443,0.007,-0.444,0.896,0.020,0.003,-0.022,1.000"
1nvy,3,6,B,186,AT/CG,B.DA6&A.DT5&&B.DC7&A.DG4,"0.816,-0.182,3.305","0.896,0.443,-0.003,-0.444,0.896,-0.021,-0.007,0.020,1.000"
1p54,0,6,B,187,GC/TA,A.DG4&B.DC17&&A.DT5&B.DA16,"1.043,0.106,3.133","0.862,0.490,-0.126,-0.482,0.872,0.088,0.154,-0.015,0.988"
1p54,0,6,B,188,AT/CG,B.DA16&A.DT5&&B.DC17&A.DG4,"-0.555,-0.134,3.255","0.862,0.482,-0.154,-0.490,0.872,-0.015,0.126,0.089,0.988"
1p54,3,6,B,189,GC/TA,A.DG4&B.DC17&&A.DT5&B.DA16,"1.043,0.106,3.133","0.862,0.490,-0.126,-0.482,0.872,0.088,0.154,-0.015,0.988"
1p54,3,6,B,190,AT/CG,B.DA16&A.DT5&&B.DC17&A.DG4,"-0.555,-0.134,3.255","0.862,0.482,-0.154,-0.490,0.872,-0.015,0.126,0.089,0.988"
1puy,0,6,B,191,TA/TA,A.DT2&A.DA13&&A.DT3&A.DA12,"-0.145,-0.637,3.316","0.794,0.601,0.091,-0.603,0.798,-0.005,-0.076,-0.050,0.996"
1puy,0,6,B,192,AT/AT,A.DA12&A.DT3&&A.DA13&A.DT2,"0.196,-0.439,3.346","0.794,0.603,0.076,-0.601,0.798,-0.051,-0.091,-0.005,0.996"
1puy,0,6,B,193,TA/TA,A.DT3&A.DA12&&A.DT4&A.DA11,"-0.072,-0.068,3.215","0.772,0.633,0.055,-0.635,0.773,0.005,-0.038,-0.039,0.999"
1puy,0,6,B,194,AT/AT,A.DA11&A.DT4&&A.DA12&A.DT3,"-0.077,0.011,3.216","0.772,0.635,0.038,-0.633,0.773,-0.039,-0.055,0.006,0.998"
1puy,0,6,B,195,TA/TA,A.DT4&A.DA11&&A.DT5&A.DA10,"-0.142,0.494,3.264","0.765,0.641,0.060,-0.642,0.767,-0.009,-0.052,-0.032,0.998"
1puy,0,6,B,196,AT/AT,A.DA10&A.DT5&&A.DA11&A.DT4,"-0.405,0.442,3.250","0.765,0.642,0.052,-0.641,0.767,-0.032,-0.060,-0.009,0.998"
1s23,0,8,B,197,CG/AT,A.DC3&A.DG8&&A.DA4&A.DT7,"-0.202,-0.114,3.310","0.834,0.544,-0.092,-0.540,0.839,0.067,0.113,-0.006,0.994"
1s23,0,8,B,198,TA/GC,A.DT7&A.DA4&&A.DG8&A.DC3,"0.536,0.233,3.266","0.834,0.540,-0.114,-0.544,0.839,-0.006,0.092,0.066,0.994"
1s23,0,8,B,199,AT/AT,A.DA4&A.DT7&&A.DA5&A.DT6,"0.192,-0.124,3.271","0.804,0.594,-0.014,-0.594,0.803,-0.050,-0.017,0.049,0.999"
1s23,0,8,B,200,TA/TA,A.DT6&A.DA5&&A.DT7&A.DA4,"-0.033,-0.376,3.257","0.804,0.594,0.018,-0.594,0.803,0.049,0.015,-0.049,0.999"
1s23,0,8,B,201,AT/TA,A.DA5&A.DT6&&A.DT6&A.DA5,"-0.001,-0.470,3.327","0.817,0.571,0.081,-0.572,0.820,-0.025,-0.081,-0.026,0.996"
1s23,0,8,B,202,AT/TA,A.DA5&A.DT6&&A.DT6&A.DA5,"-0.001,-0.469,3.327","0.817,0.572,0.081,-0.572,0.820,-0.026,-0.081,-0.026,0.996"
1s23,0,8,B,203,TA/TA,A.DT6&A.DA5&&A.DT7&A.DA4,"-0.034,-0.375,3.257","0.804,0.594,0.017,-0.594,0.803,0.049,0.014,-0.050,0.999"
1s23,0,8,B,204,AT/AT,A.DA4&A.DT7&&A.DA5&A.DT6,"0.192,-0.122,3.271","0.804,0.594,-0.015,-0.594,0.803,-0.050,-0.018,0.049,0.999"
1s23,0,8,B,205,TA/GC,A.DT7&A.DA4&&A.DG8&A.DC3,"0.537,0.234,3.266","0.834,0.540,-0.114,-0.544,0.839,-0.006,0.092,0.067,0.993"
1s23,0,8,B,206,CG/AT,A.DC3&A.DG8&&A.DA4&A.DT7,"-0.202,-0.116,3.310","0.834,0.545,-0.092,-0.540,0.839,0.067,0.114,-0.006,0.993"
1s2r,0,12,B,207,GC/CG,A.DG2&B.DC23&&A.DC3&B.DG22,"1.070,0.831,3.301","0.784,0.620,-0.034,-0.619,0.785,0.016,0.037,0.009,0.999"
1s2r,0,12,B,208,GC/CG,B.DG22&A.DC3&&B.DC23&A.DG2,"-1.240,0.042,3.346","0.784,0.620,-0.037,-0.620,0.785,0.009,0.035,0.016,0.999"
1s2r,0,12,B,209,CG/AT,A.DC3&B.DG22&&A.DA4&B.DT21,"-0.623,0.800,3.272","0.881,0.449,-0.147,-0.440,0.893,0.094,0.174,-0.018,0.985"
1s2r,0,12,B,210,TA/GC,B.DT21&A.DA4&&B.DG22&A.DC3,"0.670,1.297,3.098","0.881,0.439,-0.174,-0.450,0.893,-0.019,0.147,0.094,0.985"
1s2r,0,12,B,211,AT/AT,A.DA4&B.DT21&&A.DA5&B.DT20,"0.293,0.046,3.348","0.792,0.611,0.001,-0.611,0.792,0.005,0.002,-0.005,1.000"
1s2r,0,12,B,212,TA/TA,B.DT20&A.DA5&&B.DT21&A.DA4,"-0.263,-0.125,3.349","0.792,0.611,-0.003,-0.611,0.792,-0.005,-0.001,0.005,1.000"
1s2r,0,12,B,213,AT/AT,A.DA5&B.DT20&&A.DA6&B.DT19,"0.222,-0.287,3.312","0.790,0.614,0.005,-0.613,0.790,-0.019,-0.015,0.011,1.000"
1s2r,0,12,B,214,TA/TA,B.DT19&A.DA6&&B.DT20&A.DA5,"-0.016,-0.423,3.304","0.790,0.613,0.015,-0.614,0.790,0.011,-0.005,-0.018,1.000"
1s2r,0,12,B,215,AT/TA,A.DA6&B.DT19&&A.DT7&B.DA18,"0.267,-0.606,3.329","0.860,0.510,0.010,-0.511,0.860,0.011,-0.003,-0.015,1.000"
1s2r,0,12,B,216,AT/TA,B.DA18&A.DT7&&B.DT19&A.DA6,"0.047,-0.621,3.336","0.860,0.510,0.003,-0.510,0.860,-0.015,-0.009,0.011,1.000"
1s2r,0,12,B,217,TA/TA,A.DT7&B.DA18&&A.DT8&B.DA17,"-0.223,-0.391,3.308","0.790,0.613,0.032,-0.614,0.789,0.019,-0.014,-0.035,0.999"
1s2r,0,12,B,218,AT/AT,B.DA17&A.DT8&&B.DA18&A.DT7,"0.309,-0.109,3.322","0.789,0.614,0.014,-0.613,0.789,-0.035,-0.032,0.019,0.999"
1s2r,0,12,B,219,TA/TA,A.DT8&B.DA17&&A.DT9&B.DA16,"-0.113,-0.024,3.389","0.754,0.654,0.066,-0.656,0.755,0.007,-0.045,-0.048,0.998"
1s2r,0,12,B,220,AT/AT,B.DA16&A.DT9&&B.DA17&A.DT8,"-0.121,0.078,3.388","0.754,0.656,0.045,-0.654,0.755,-0.048,-0.065,0.007,0.998"
1s2r,0,12,B,221,TA/GC,A.DT9&B.DA16&&A.DG10&B.DC15,"0.405,1.124,2.967","0.875,0.482,-0.036,-0.483,0.873,-0.067,-0.001,0.077,0.997"
1s2r,0,12,B,222,CG/AT,B.DC15&A.DG10&&B.DA16&A.DT9,"-0.789,0.585,3.043","0.876,0.483,0.001,-0.482,0.873,0.077,0.036,-0.068,0.997"
1s2r,0,12,B,223,GC/CG,A.DG10&B.DC15&&A.DC11&B.DG14,"-1.745,-0.121,3.347","0.743,0.663,0.089,-0.661,0.749,-0.053,-0.101,-0.020,0.995"
1s2r,0,12,B,224,GC/CG,B.DG14&A.DC11&&B.DC15&A.DG10,"1.080,0.887,3.509","0.744,0.661,0.101,-0.663,0.748,-0.019,-0.089,-0.052,0.995"
1sgs,0,16,B,225,CG/TA,A.DC3&A.DG16&&A.DT4&A.DA15,"-0.441,-0.320,3.297","0.872,0.488,-0.039,-0.487,0.873,0.033,0.050,-0.011,0.999"
1sgs,0,16,B,226,AT/GC,A.DA15&A.DT4&&A.DG16&A.DC3,"0.668,0.046,3.274","0.872,0.488,-0.050,-0.488,0.873,-0.010,0.038,0.033,0.999"
1sgs,0,16,B,227,TA/GC,A.DT4&A.DA15&&A.DG5&A.DC14,"0.167,1.117,3.475","0.728,0.686,0.009,-0.685,0.727,0.034,0.017,-0.030,0.999"
1sgs,0,16,B,228,CG/AT,A.DC14&A.DG5&&A.DA15&A.DT4,"-0.917,0.815,3.441","0.728,0.686,-0.017,-0.686,0.727,-0.030,-0.008,0.033,0.999"
1sgs,0,16,B,229,GC/GC,A.DG5&A.DC14&&A.DG6&A.DC13,"1.014,0.292,3.102","0.926,0.363,-0.105,-0.365,0.931,-0.000,0.097,0.038,0.995"
1sgs,0,16,B,230,CG/CG,A.DC13&A.DG6&&A.DC14&A.DG5,"-0.720,-0.097,3.195","0.926,0.364,-0.098,-0.363,0.931,0.038,0.105,0.000,0.995"
1sgs,0,16,B,231,GC/AT,A.DG6&A.DC13&&A.DA7&A.DT12,"-1.182,0.075,3.337","0.764,0.645,-0.007,-0.645,0.764,-0.024,-0.010,0.023,1.000"
1sgs,0,16,B,232,TA/CG,A.DT12&A.DA7&&A.DC13&A.DG6,"0.879,0.740,3.349","0.764,0.645,0.010,-0.645,0.764,0.023,0.008,-0.024,1.000"
1sgs,0,16,B,233,AT/AT,A.DA7&A.DT12&&A.DA8&A.DT11,"0.423,0.009,3.197","0.839,0.545,0.002,-0.544,0.839,-0.004,-0.004,0.003,1.000"
1sgs,0,16,B,234,TA/TA,A.DT11&A.DA8&&A.DT12&A.DA7,"-0.366,-0.237,3.196","0.839,0.545,0.004,-0.544,0.839,0.003,-0.002,-0.005,1.000"
1sgs,0,16,B,235,AT/AT,A.DA8&A.DT11&&A.DA9&A.DT10,"-0.150,-0.109,3.277","0.774,0.634,0.004,-0.633,0.773,-0.046,-0.032,0.033,0.999"
1sgs,0,16,B,236,TA/TA,A.DT10&A.DA9&&A.DT11&A.DA8,"0.173,-0.139,3.275","0.774,0.633,0.032,-0.634,0.773,0.033,-0.004,-0.046,0.999"
1sgs,0,16,B,237,AT/TA,A.DA9&A.DT10&&A.DT10&A.DA9,"0.147,-0.605,3.252","0.838,0.545,0.018,-0.545,0.838,-0.006,-0.018,-0.005,1.000"
1sgs,0,16,B,238,AT/TA,A.DA9&A.DT10&&A.DT10&A.DA9,"0.149,-0.605,3.252","0.838,0.545,0.018,-0.545,0.838,-0.005,-0.018,-0.006,1.000"
1sgs,0,16,B,239,TA/TA,A.DT10&A.DA9&&A.DT11&A.DA8,"0.170,-0.140,3.276","0.774,0.632,0.032,-0.633,0.773,0.032,-0.004,-0.046,0.999"
1sgs,0,16,B,240,AT/AT,A.DA8&A.DT11&&A.DA9&A.DT10,"-0.149,-0.108,3.278","0.774,0.633,0.004,-0.632,0.773,-0.046,-0.032,0.033,0.999"
1sgs,0,16,B,241,TA/TA,A.DT11&A.DA8&&A.DT12&A.DA7,"-0.364,-0.236,3.195","0.839,0.545,0.004,-0.545,0.839,0.003,-0.002,-0.004,1.000"
1sgs,0,16,B,242,AT/AT,A.DA7&A.DT12&&A.DA8&A.DT11,"0.422,0.010,3.197","0.839,0.545,0.002,-0.545,0.839,-0.005,-0.004,0.002,1.000"
1sgs,0,16,B,243,TA/CG,A.DT12&A.DA7&&A.DC13&A.DG6,"0.877,0.739,3.348","0.764,0.645,0.010,-0.645,0.764,0.023,0.007,-0.024,1.000"
1sgs,0,16,B,244,GC/AT,A.DG6&A.DC13&&A.DA7&A.DT12,"-1.180,0.075,3.336","0.764,0.645,-0.007,-0.645,0.763,-0.024,-0.010,0.023,1.000"
1sgs,0,16,B,245,CG/CG,A.DC13&A.DG6&&A.DC14&A.DG5,"-0.719,-0.097,3.196","0.926,0.364,-0.097,-0.362,0.931,0.038,0.104,-0.000,0.995"
1sgs,0,16,B,246,GC/GC,A.DG5&A.DC14&&A.DG6&A.DC13,"1.011,0.293,3.104","0.926,0.362,-0.104,-0.364,0.931,-0.000,0.097,0.038,0.995"
1sgs,0,16,B,247,CG/AT,A.DC14&A.DG5&&A.DA15&A.DT4,"-0.915,0.815,3.441","0.728,0.686,-0.018,-0.686,0.727,-0.031,-0.008,0.034,0.999"
1sgs,0,16,B,248,TA/GC,A.DT4&A.DA15&&A.DG5&A.DC14,"0.166,1.115,3.474","0.727,0.686,0.008,-0.685,0.727,0.034,0.017,-0.031,0.999"
1sgs,0,16,B,249,AT/GC,A.DA15&A.DT4&&A.DG16&A.DC3,"0.668,0.043,3.274","0.872,0.488,-0.049,-0.488,0.873,-0.009,0.038,0.033,0.999"
1sgs,0,16,B,250,CG/TA,A.DC3&A.DG16&&A.DT4&A.DA15,"-0.442,-0.321,3.297","0.872,0.488,-0.038,-0.488,0.872,0.032,0.049,-0.010,0.999"
1sk5,0,10,B,251,TA/TA,A.DT2&B.DA19&&A.DT3&B.DA18,"-0.446,-0.245,3.228","0.785,0.614,0.086,-0.613,0.789,-0.034,-0.089,-0.026,0.996"
1sk5,0,10,B,252,AT/AT,B.DA18&A.DT3&&B.DA19&A.DT2,"0.223,-0.029,3.260","0.785,0.613,0.089,-0.614,0.789,-0.026,-0.086,-0.034,0.996"
1sk5,0,10,B,253,TA/TA,A.DT3&B.DA18&&A.DT4&B.DA17,"-0.166,-0.010,3.329","0.772,0.635,-0.025,-0.635,0.772,-0.008,0.014,0.022,1.000"
1sk5,0,10,B,254,AT/AT,B.DA17&A.DT4&&B.DA18&A.DT3,"0.217,0.070,3.325","0.772,0.635,-0.014,-0.635,0.772,0.022,0.025,-0.008,1.000"
1sk5,0,10,B,255,TA/TA,A.DT4&B.DA17&&A.DT5&B.DA16,"-0.230,0.669,3.309","0.736,0.674,0.060,-0.675,0.738,-0.008,-0.050,-0.035,0.998"
1sk5,0,10,B,256,AT/AT,B.DA16&A.DT5&&B.DA17&A.DT4,"-0.482,0.623,3.291","0.736,0.675,0.050,-0.674,0.738,-0.035,-0.061,-0.007,0.998"
1sk5,0,10,B,257,TA/AT,A.DT5&B.DA16&&A.DA6&B.DT15,"-0.105,1.179,3.064","0.874,0.471,-0.114,-0.472,0.881,0.022,0.111,0.034,0.993"
1sk5,0,10,B,258,TA/AT,B.DT15&A.DA6&&B.DA16&A.DT5,"-0.114,1.158,3.072","0.875,0.472,-0.111,-0.472,0.881,0.034,0.114,0.023,0.993"
1sk5,0,10,B,259,AT/AT,A.DA6&B.DT15&&A.DA7&B.DT14,"-0.059,-0.093,3.246","0.819,0.573,-0.009,-0.573,0.818,-0.040,-0.016,0.038,0.999"
1sk5,0,10,B,260,TA/TA,B.DT14&A.DA7&&B.DT15&A.DA6,"0.131,-0.173,3.241","0.819,0.573,0.016,-0.573,0.818,0.038,0.009,-0.041,0.999"
1sk5,0,10,B,261,AT/AT,A.DA7&B.DT14&&A.DA8&B.DT13,"0.107,-0.223,3.062","0.795,0.607,0.002,-0.606,0.793,0.067,0.038,-0.054,0.998"
1sk5,0,10,B,262,TA/TA,B.DT13&A.DA8&&B.DT14&A.DA7,"0.043,-0.037,3.071","0.795,0.606,-0.039,-0.607,0.793,-0.054,-0.003,0.066,0.998"
1sk5,0,10,B,263,AT/AT,A.DA8&B.DT13&&A.DA9&B.DT12,"-0.047,-0.236,3.253","0.755,0.646,0.113,-0.647,0.762,-0.034,-0.109,-0.048,0.993"
1sk5,0,10,B,264,TA/TA,B.DT12&A.DA9&&B.DT13&A.DA8,"-0.182,-0.261,3.246","0.755,0.647,0.109,-0.646,0.762,-0.047,-0.114,-0.034,0.993"
1zf0,0,10,B,265,CG/GC,A.DC2&B.DG19&&A.DG3&B.DC18,"-0.908,0.450,3.025","0.815,0.561,-0.146,-0.574,0.817,-0.065,0.082,0.137,0.987"
1zf0,0,10,B,266,CG/GC,B.DC18&A.DG3&&B.DG19&A.DC2,"0.927,0.691,2.973","0.815,0.573,-0.082,-0.561,0.816,0.136,0.146,-0.066,0.987"
1zf0,0,10,B,267,GC/TA,A.DG3&B.DC18&&A.DT4&B.DA17,"-0.753,-0.894,3.598","0.839,0.544,-0.009,-0.544,0.839,-0.010,0.001,0.013,1.000"
1zf0,0,10,B,268,AT/CG,B.DA17&A.DT4&&B.DC18&A.DG3,"1.148,-0.376,3.585","0.839,0.544,-0.002,-0.544,0.839,0.013,0.008,-0.010,1.000"
1zf0,0,10,B,269,TA/TA,A.DT4&B.DA17&&A.DT5&B.DA16,"0.964,0.631,3.079","0.808,0.589,-0.010,-0.588,0.809,0.025,0.022,-0.014,1.000"
1zf0,0,10,B,270,AT/AT,B.DA16&A.DT5&&B.DA17&A.DT4,"-1.121,0.019,3.090","0.808,0.588,-0.022,-0.588,0.809,-0.014,0.010,0.025,1.000"
1zf0,0,10,B,271,TA/AT,A.DT5&B.DA16&&A.DA6&B.DT15,"-0.965,1.148,3.410","0.762,0.645,0.061,-0.646,0.763,-0.012,-0.054,-0.030,0.998"
1zf0,0,10,B,272,TA/AT,B.DT15&A.DA6&&B.DA16&A.DT5,"-0.213,1.460,3.420","0.762,0.645,0.054,-0.645,0.763,-0.030,-0.061,-0.011,0.998"
1zf0,0,10,B,273,AT/AT,A.DA6&B.DT15&&A.DA7&B.DT14,"0.203,-0.171,2.939","0.856,0.516,-0.024,-0.517,0.855,-0.042,-0.001,0.047,0.999"
1zf0,0,10,B,274,TA/TA,B.DT14&A.DA7&&B.DT15&A.DA6,"-0.016,-0.373,2.927","0.856,0.517,0.001,-0.516,0.856,0.048,0.024,-0.041,0.999"
1zf0,0,10,B,275,AT/CG,A.DA7&B.DT14&&A.DC8&B.DG13,"-0.945,-0.292,3.355","0.802,0.590,-0.086,-0.596,0.798,-0.086,0.018,0.122,0.992"
1zf0,0,10,B,276,GC/TA,B.DG13&A.DC8&&B.DT14&A.DA7,"1.222,0.039,3.277","0.802,0.596,-0.018,-0.590,0.798,0.121,0.087,-0.087,0.992"
1zf0,0,10,B,277,CG/GC,A.DC8&B.DG13&&A.DG9&B.DC12,"0.402,0.816,3.644","0.792,0.609,-0.038,-0.605,0.791,0.090,0.085,-0.049,0.995"
1zf0,0,10,B,278,CG/GC,B.DC12&A.DG9&&B.DG13&A.DC8,"-0.678,0.732,3.621","0.792,0.605,-0.085,-0.609,0.791,-0.048,0.037,0.091,0.995"
1zf4,0,6,B,279,CG/GC,A.DC2&B.DG19&&A.DG3&B.DC18,"-0.932,2.488,3.492","0.816,0.577,0.034,-0.578,0.815,0.027,-0.013,-0.042,0.999"
1zf4,0,6,B,280,CG/GC,B.DC18&A.DG3&&B.DG19&A.DC2,"-0.797,2.663,3.394","0.816,0.579,0.013,-0.577,0.816,-0.042,-0.035,0.028,0.999"
1zf4,0,6,B,281,GC/AT,A.DG3&B.DC18&&A.DA4&B.DT17,"-0.722,1.587,3.068","0.744,0.650,-0.153,-0.662,0.748,-0.049,0.083,0.138,0.987"
1zf4,0,6,B,282,TA/CG,B.DT17&A.DA4&&B.DC18&A.DG3,"-0.025,1.515,3.187","0.745,0.662,-0.082,-0.650,0.747,0.138,0.153,-0.048,0.987"
1zf4,0,6,B,283,AT/TA,A.DA4&B.DT17&&A.DT5&B.DA16,"0.067,-0.525,3.479","0.877,0.472,-0.091,-0.473,0.881,0.023,0.090,0.024,0.996"
1zf4,0,6,B,284,AT/TA,B.DA16&A.DT5&&B.DT17&A.DA4,"0.506,-0.417,3.457","0.877,0.472,-0.091,-0.473,0.881,0.024,0.091,0.022,0.996"
1zf4,3,6,B,285,CG/GC,A.DC2&B.DG19&&A.DG3&B.DC18,"-0.932,2.488,3.492","0.816,0.577,0.034,-0.578,0.815,0.027,-0.013,-0.042,0.999"
1zf4,3,6,B,286,CG/GC,B.DC18&A.DG3&&B.DG19&A.DC2,"-0.797,2.663,3.394","0.816,0.579,0.013,-0.577,0.816,-0.042,-0.035,0.028,0.999"
1zf4,3,6,B,287,GC/AT,A.DG3&B.DC18&&A.DA4&B.DT17,"-0.722,1.587,3.068","0.744,0.650,-0.153,-0.662,0.748,-0.049,0.083,0.138,0.987"
1zf4,3,6,B,288,TA/CG,B.DT17&A.DA4&&B.DC18&A.DG3,"-0.025,1.515,3.187","0.745,0.662,-0.082,-0.650,0.747,0.138,0.153,-0.048,0.987"
1zf4,3,6,B,289,AT/TA,A.DA4&B.DT17&&A.DT5&B.DA16,"0.067,-0.525,3.479","0.877,0.472,-0.091,-0.473,0.881,0.023,0.090,0.024,0.996"
1zf4,3,6,B,290,AT/TA,B.DA16&A.DT5&&B.DT17&A.DA4,"0.506,-0.417,3.457","0.877,0.472,-0.091,-0.473,0.881,0.024,0.091,0.022,0.996"
1zf7,0,10,B,291,CG/GC,A.DC2&B.DG19&&A.DG3&B.DC18,"-0.687,1.113,3.211","0.861,0.496,-0.115,-0.502,0.865,-0.025,0.086,0.080,0.993"
1zf7,0,10,B,292,CG/GC,B.DC18&A.DG3&&B.DG19&A.DC2,"0.407,1.226,3.218","0.861,0.502,-0.086,-0.496,0.865,0.079,0.115,-0.025,0.993"
1zf7,0,10,B,293,GC/TA,A.DG3&B.DC18&&A.DT4&B.DA17,"-0.627,-0.624,3.330","0.845,0.534,-0.037,-0.533,0.846,0.013,0.039,0.008,0.999"
1zf7,0,10,B,294,AT/CG,B.DA17&A.DT4&&B.DC18&A.DG3,"0.987,-0.149,3.298","0.845,0.534,-0.039,-0.533,0.846,0.009,0.037,0.014,0.999"
1zf7,0,10,B,295,TA/CG,A.DT4&B.DA17&&A.DC5&B.DG16,"0.326,0.719,3.572","0.696,0.702,0.154,-0.711,0.703,0.005,-0.104,-0.113,0.988"
1zf7,0,10,B,296,GC/AT,B.DG16&A.DC5&&B.DA17&A.DT4,"-1.280,0.294,3.415","0.696,0.711,0.104,-0.702,0.703,-0.113,-0.153,0.006,0.988"
1zf7,0,10,B,297,CG/GC,A.DC5&B.DG16&&A.DG6&B.DC15,"-0.349,0.895,3.338","0.855,0.491,-0.166,-0.493,0.870,0.031,0.159,0.057,0.986"
1zf7,0,10,B,298,CG/GC,B.DC15&A.DG6&&B.DG16&A.DC5,"0.414,1.051,3.284","0.855,0.493,-0.159,-0.491,0.870,0.056,0.166,0.030,0.986"
1zf7,0,10,B,299,GC/AT,A.DG6&B.DC15&&A.DA7&B.DT14,"-0.078,-0.212,3.099","0.857,0.511,-0.073,-0.514,0.857,-0.035,0.046,0.068,0.997"
1zf7,0,10,B,300,TA/CG,B.DT14&A.DA7&&B.DC15&A.DG6,"0.403,-0.251,3.071","0.857,0.514,-0.045,-0.511,0.857,0.069,0.073,-0.035,0.997"
1zf7,0,10,B,301,AT/CG,A.DA7&B.DT14&&A.DC8&B.DG13,"-1.302,1.187,3.355","0.663,0.713,0.226,-0.722,0.690,-0.055,-0.195,-0.126,0.973"
1zf7,0,10,B,302,GC/TA,B.DG13&A.DC8&&B.DT14&A.DA7,"-0.740,1.573,3.368","0.664,0.722,0.195,-0.713,0.690,-0.126,-0.226,-0.056,0.973"
1zf7,0,10,B,303,CG/GC,A.DC8&B.DG13&&A.DG9&B.DC12,"0.676,0.837,3.177","0.891,0.407,-0.199,-0.411,0.911,0.020,0.190,0.064,0.980"
1zf7,0,10,B,304,CG/GC,B.DC12&A.DG9&&B.DG13&A.DC8,"-0.311,0.549,3.294","0.892,0.411,-0.190,-0.407,0.911,0.064,0.199,0.020,0.980"
1zfb,0,10,B,305,CG/GC,A.DC2&B.DG19&&A.DG3&B.DC18,"-0.746,0.742,3.301","0.830,0.537,-0.153,-0.542,0.840,0.012,0.135,0.073,0.988"
1zfb,0,10,B,306,CG/GC,B.DC18&A.DG3&&B.DG19&A.DC2,"0.725,1.069,3.215","0.830,0.542,-0.135,-0.537,0.840,0.073,0.153,0.012,0.988"
1zfb,0,10,B,307,GC/CG,A.DG3&B.DC18&&A.DC4&B.DG17,"-0.820,0.099,3.064","0.776,0.631,-0.000,-0.631,0.775,-0.031,-0.020,0.025,0.999"
1zfb,0,10,B,308,GC/CG,B.DG17&A.DC4&&B.DC18&A.DG3,"0.575,0.497,3.081","0.776,0.631,0.019,-0.631,0.775,0.025,0.000,-0.032,0.999"
1zfb,0,10,B,309,CG/CG,A.DC4&B.DG17&&A.DC5&B.DG16,"1.070,0.531,3.474","0.840,0.542,-0.015,-0.539,0.838,0.082,0.057,-0.060,0.997"
1zfb,0,10,B,310,GC/GC,B.DG16&A.DC5&&B.DG17&A.DC4,"-1.133,0.152,3.492","0.840,0.539,-0.057,-0.542,0.838,-0.060,0.015,0.082,0.997"
1zfb,0,10,B,311,CG/GC,A.DC5&B.DG16&&A.DG6&B.DC15,"0.174,1.157,3.264","0.832,0.534,-0.150,-0.526,0.846,0.089,0.175,0.005,0.985"
1zfb,0,10,B,312,CG/GC,B.DC15&A.DG6&&B.DG16&A.DC5,"-0.272,1.178,3.250","0.832,0.526,-0.175,-0.534,0.846,0.005,0.150,0.089,0.985"
1zfb,0,10,B,313,GC/GC,A.DG6&B.DC15&&A.DG7&B.DC14,"-1.596,0.443,3.487","0.813,0.574,-0.101,-0.583,0.797,-0.156,-0.009,0.185,0.983"
1zfb,0,10,B,314,CG/CG,B.DC14&A.DG7&&B.DC15&A.DG6,"1.394,0.742,3.522","0.813,0.583,0.009,-0.574,0.797,0.185,0.101,-0.155,0.983"
1zfb,0,10,B,315,GC/CG,A.DG7&B.DC14&&A.DC8&B.DG13,"0.376,0.701,3.448","0.776,0.624,0.095,-0.627,0.779,0.008,-0.069,-0.067,0.995"
1zfb,0,10,B,316,GC/CG,B.DG13&A.DC8&&B.DC14&A.DG7,"-1.058,0.340,3.360","0.776,0.627,0.069,-0.623,0.779,-0.067,-0.095,0.008,0.995"
1zfb,0,10,B,317,CG/GC,A.DC8&B.DG13&&A.DG9&B.DC12,"-0.434,0.854,3.228","0.878,0.444,-0.177,-0.437,0.896,0.076,0.192,0.011,0.981"
1zfb,0,10,B,318,CG/GC,B.DC12&A.DG9&&B.DG13&A.DC8,"0.574,1.200,3.093","0.879,0.437,-0.192,-0.444,0.896,0.010,0.177,0.075,0.981"
1zff,0,10,B,319,CG/GC,A.DC2&A.DG9&&A.DG3&A.DC8,"0.763,1.659,3.616","0.783,0.621,-0.032,-0.616,0.781,0.103,0.089,-0.062,0.994"
1zff,0,10,B,320,CG/GC,A.DC8&A.DG3&&A.DG9&A.DC2,"-1.513,1.200,3.561","0.783,0.616,-0.089,-0.621,0.781,-0.061,0.032,0.104,0.994"
1zff,0,10,B,321,GC/AT,A.DG3&A.DC8&&A.DA4&A.DT7,"0.890,0.544,2.648","0.905,0.416,-0.087,-0.423,0.903,-0.078,0.047,0.107,0.993"
1zff,0,10,B,322,TA/CG,A.DT7&A.DA4&&A.DC8&A.DG3,"-0.801,-0.090,2.729","0.905,0.422,-0.046,-0.416,0.903,0.107,0.087,-0.078,0.993"
1zff,0,10,B,323,AT/AT,A.DA4&A.DT7&&A.DA5&A.DT6,"-0.718,-0.033,3.362","0.765,0.644,-0.032,-0.641,0.765,0.059,0.063,-0.024,0.998"
1zff,0,10,B,324,TA/TA,A.DT6&A.DA5&&A.DT7&A.DA4,"0.680,0.633,3.310","0.765,0.642,-0.063,-0.643,0.765,-0.024,0.032,0.059,0.998"
1zff,0,10,B,325,AT/TA,A.DA5&A.DT6&&A.DT6&A.DA5,"-0.121,0.313,3.250","0.761,0.649,0.003,-0.648,0.761,-0.001,-0.004,-0.001,1.000"
1zff,0,10,B,326,AT/TA,A.DA5&A.DT6&&A.DT6&A.DA5,"-0.121,0.312,3.250","0.761,0.648,0.003,-0.649,0.761,-0.001,-0.003,-0.001,1.000"
1zff,0,10,B,327,TA/TA,A.DT6&A.DA5&&A.DT7&A.DA4,"0.679,0.634,3.310","0.765,0.641,-0.063,-0.644,0.764,-0.024,0.032,0.058,0.998"
1zff,0,10,B,328,AT/AT,A.DA4&A.DT7&&A.DA5&A.DT6,"-0.719,-0.031,3.362","0.765,0.644,-0.032,-0.642,0.765,0.058,0.063,-0.023,0.998"
1zff,0,10,B,329,TA/CG,A.DT7&A.DA4&&A.DC8&A.DG3,"-0.801,-0.089,2.729","0.905,0.423,-0.047,-0.416,0.903,0.106,0.087,-0.078,0.993"
1zff,0,10,B,330,GC/AT,A.DG3&A.DC8&&A.DA4&A.DT7,"0.890,0.544,2.648","0.905,0.416,-0.087,-0.422,0.903,-0.077,0.047,0.107,0.993"
1zff,0,10,B,331,CG/GC,A.DC8&A.DG3&&A.DG9&A.DC2,"-1.512,1.199,3.561","0.783,0.616,-0.089,-0.622,0.781,-0.061,0.032,0.104,0.994"
1zff,0,10,B,332,CG/GC,A.DC2&A.DG9&&A.DG3&A.DC8,"0.761,1.658,3.616","0.783,0.621,-0.031,-0.616,0.781,0.103,0.089,-0.062,0.994"
1zfg,0,10,B,333,CG/GC,A.DC2&B.DG19&&A.DG3&B.DC18,"0.396,1.201,2.900","0.778,0.624,0.079,-0.628,0.776,0.055,-0.028,-0.093,0.995"
1zfg,0,10,B,334,CG/GC,B.DC18&A.DG3&&B.DG19&A.DC2,"-1.286,0.843,2.765","0.778,0.628,0.028,-0.624,0.776,-0.092,-0.079,0.055,0.995"
1zfg,0,10,B,335,GC/AT,A.DG3&B.DC18&&A.DA4&B.DT17,"-0.837,-0.007,3.297","0.802,0.555,-0.223,-0.567,0.823,0.010,0.189,0.118,0.975"
1zfg,0,10,B,336,TA/CG,B.DT17&A.DA4&&B.DC18&A.DG3,"1.410,0.504,3.055","0.801,0.567,-0.189,-0.555,0.824,0.118,0.223,0.011,0.975"
1zfg,0,10,B,337,AT/GC,A.DA4&B.DT17&&A.DG5&B.DC16,"0.218,-0.711,3.602","0.846,0.525,0.088,-0.530,0.846,0.053,-0.046,-0.091,0.995"
1zfg,0,10,B,338,CG/TA,B.DC16&A.DG5&&B.DT17&A.DA4,"-0.127,-0.526,3.638","0.846,0.530,0.046,-0.525,0.846,-0.091,-0.087,0.053,0.995"
1zfg,0,10,B,339,GC/CG,A.DG5&B.DC16&&A.DC6&B.DG15,"-1.654,-0.760,2.838","0.709,0.704,-0.047,-0.706,0.706,-0.064,-0.012,0.078,0.997"
1zfg,0,10,B,340,GC/CG,B.DG15&A.DC6&&B.DC16&A.DG5,"1.840,0.450,2.790","0.709,0.705,0.012,-0.704,0.705,0.078,0.047,-0.064,0.997"
1zfg,0,10,B,341,CG/TA,A.DC6&B.DG15&&A.DT7&B.DA14,"1.909,0.382,3.497","0.865,0.475,0.159,-0.495,0.860,0.126,-0.077,-0.188,0.979"
1zfg,0,10,B,342,AT/GC,B.DA14&A.DT7&&B.DG15&A.DC6,"-2.389,-0.177,3.206","0.865,0.495,0.077,-0.475,0.860,-0.188,-0.159,0.126,0.979"
1zfg,0,10,B,343,TA/CG,A.DT7&B.DA14&&A.DC8&B.DG13,"0.360,1.344,3.548","0.744,0.596,-0.302,-0.570,0.802,0.180,0.349,0.038,0.936"
1zfg,0,10,B,344,GC/AT,B.DG13&A.DC8&&B.DA14&A.DT7,"0.001,1.512,3.499","0.744,0.570,-0.350,-0.596,0.802,0.038,0.302,0.180,0.936"
1zfg,0,10,B,345,CG/GC,A.DC8&B.DG13&&A.DG9&B.DC12,"-1.019,2.215,4.214","0.731,0.654,-0.193,-0.659,0.751,0.049,0.176,0.091,0.980"
1zfg,0,10,B,346,CG/GC,B.DC12&A.DG9&&B.DG13&A.DC8,"0.107,2.539,4.153","0.731,0.659,-0.176,-0.654,0.751,0.091,0.192,0.049,0.980"
251d,0,6,B,347,TA/CG,A.DT2&A.DA5&&A.DC3&A.DG4,"0.328,0.309,3.175","0.792,0.611,-0.022,-0.607,0.790,0.087,0.070,-0.056,0.996"
251d,0,6,B,348,GC/AT,A.DG4&A.DC3&&A.DA5&A.DT2,"-0.380,0.320,3.169","0.792,0.607,-0.070,-0.610,0.790,-0.056,0.022,0.087,0.996"
251d,0,6,B,349,CG/GC,A.DC3&A.DG4&&A.DG4&A.DC3,"-0.261,1.009,3.579","0.819,0.574,-0.028,-0.574,0.819,0.009,0.029,0.009,1.000"
251d,0,6,B,350,CG/GC,A.DC3&A.DG4&&A.DG4&A.DC3,"-0.263,1.009,3.579","0.819,0.574,-0.028,-0.574,0.819,0.009,0.029,0.009,1.000"
251d,0,6,B,351,GC/AT,A.DG4&A.DC3&&A.DA5&A.DT2,"-0.381,0.322,3.169","0.791,0.607,-0.070,-0.611,0.790,-0.056,0.021,0.088,0.996"
251d,0,6,B,352,TA/CG,A.DT2&A.DA5&&A.DC3&A.DG4,"0.328,0.309,3.176","0.791,0.611,-0.021,-0.607,0.790,0.087,0.070,-0.056,0.996"
2fih,0,12,B,353,GC/CG,A.DG2&B.DC123&&A.DC3&B.DG122,"0.141,0.449,3.667","0.733,0.665,0.145,-0.674,0.738,0.021,-0.092,-0.113,0.989"
2fih,0,12,B,354,GC/CG,B.DG122&A.DC3&&B.DC123&A.DG2,"-0.932,0.314,3.563","0.733,0.674,0.093,-0.665,0.738,-0.113,-0.145,0.021,0.989"
2fih,0,12,B,355,CG/GC,A.DC3&B.DG122&&A.DG4&B.DC121,"-0.123,0.579,3.104","0.884,0.439,-0.163,-0.433,0.899,0.072,0.178,0.008,0.984"
2fih,0,12,B,356,CG/GC,B.DC121&A.DG4&&B.DG122&A.DC3,"0.360,0.795,3.037","0.884,0.433,-0.178,-0.439,0.899,0.007,0.163,0.071,0.984"
2fih,0,12,B,357,GC/AT,A.DG4&B.DC121&&A.DA5&B.DT120,"0.182,-0.110,3.380","0.772,0.634,-0.047,-0.634,0.773,0.019,0.048,0.016,0.999"
2fih,0,12,B,358,TA/CG,B.DT120&A.DA5&&B.DC121&A.DG4,"0.089,-0.138,3.383","0.772,0.634,-0.048,-0.634,0.773,0.016,0.047,0.019,0.999"
2fih,0,12,B,359,TA/CG,A.DT8&B.DA117&&A.DC9&B.DG116,"-0.119,-0.287,3.503","0.728,0.685,0.009,-0.685,0.728,-0.019,-0.019,0.007,1.000"
2fih,0,12,B,360,GC/AT,B.DG116&A.DC9&&B.DA117&A.DT8,"0.251,-0.192,3.503","0.728,0.685,0.019,-0.685,0.728,0.007,-0.010,-0.019,1.000"
2fih,0,12,B,361,CG/GC,A.DC9&B.DG116&&A.DG10&B.DC115,"0.466,0.940,2.915","0.899,0.430,-0.082,-0.434,0.900,-0.041,0.057,0.071,0.996"
2fih,0,12,B,362,CG/GC,B.DC115&A.DG10&&B.DG116&A.DC9,"-0.583,0.526,2.997","0.899,0.434,-0.057,-0.430,0.900,0.072,0.082,-0.040,0.996"
2fih,0,12,B,363,GC/CG,A.DG10&B.DC115&&A.DC11&B.DG114,"-1.702,0.028,3.275","0.717,0.679,0.158,-0.669,0.734,-0.115,-0.194,-0.023,0.981"
2fih,0,12,B,364,GC/CG,B.DG114&A.DC11&&B.DC115&A.DG10,"0.686,0.782,3.542","0.717,0.669,0.194,-0.679,0.734,-0.023,-0.158,-0.116,0.981"
2fii,0,12,B,365,GC/CG,A.DG2&B.DC123&&A.DC3&B.DG122,"0.219,0.453,3.631","0.739,0.663,0.119,-0.668,0.744,0.006,-0.085,-0.085,0.993"
2fii,0,12,B,366,GC/CG,B.DG122&A.DC3&&B.DC123&A.DG2,"-0.895,0.214,3.548","0.739,0.668,0.085,-0.663,0.744,-0.084,-0.119,0.006,0.993"
2fii,0,12,B,367,CG/GC,A.DC3&B.DG122&&A.DG4&B.DC121,"-0.177,0.569,3.028","0.881,0.447,-0.153,-0.443,0.895,0.059,0.163,0.015,0.986"
2fii,0,12,B,368,CG/GC,B.DC121&A.DG4&&B.DG122&A.DC3,"0.365,0.768,2.967","0.882,0.443,-0.163,-0.447,0.895,0.015,0.153,0.060,0.986"
2fii,0,12,B,369,AT/TA,A.DA6&B.DT119&&A.DT7&B.DA118,"0.091,-0.552,3.192","0.851,0.525,0.016,-0.525,0.851,-0.008,-0.017,-0.000,1.000"
2fii,0,12,B,370,AT/TA,B.DA118&A.DT7&&B.DT119&A.DA6,"0.163,-0.545,3.190","0.851,0.525,0.018,-0.525,0.851,-0.001,-0.015,-0.009,1.000"
2fii,0,12,B,371,CG/GC,A.DC9&B.DG116&&A.DG10&B.DC115,"0.461,0.943,2.855","0.896,0.439,-0.075,-0.442,0.896,-0.046,0.047,0.074,0.996"
2fii,0,12,B,372,CG/GC,B.DC115&A.DG10&&B.DG116&A.DC9,"-0.612,0.511,2.936","0.896,0.442,-0.047,-0.439,0.896,0.074,0.075,-0.045,0.996"
2fii,0,12,B,373,GC/CG,A.DG10&B.DC115&&A.DC11&B.DG114,"-1.688,0.023,3.316","0.711,0.681,0.174,-0.678,0.730,-0.085,-0.186,-0.058,0.981"
2fii,0,12,B,374,GC/CG,B.DG114&A.DC11&&B.DC115&A.DG10,"0.605,0.880,3.564","0.711,0.678,0.185,-0.681,0.730,-0.058,-0.174,-0.085,0.981"
2p8d,0,12,B,375,GC/CG,A.DG2&A.DC11&&A.DC3&A.DG10,"0.306,0.731,3.465","0.741,0.660,0.126,-0.667,0.745,0.022,-0.080,-0.100,0.992"
2p8d,0,12,B,376,GC/CG,A.DG10&A.DC3&&A.DC11&A.DG2,"-1.147,0.415,3.338","0.741,0.667,0.080,-0.660,0.745,-0.100,-0.126,0.022,0.992"
2p8d,0,12,B,377,CG/GC,A.DC3&A.DG10&&A.DG4&A.DC9,"-0.375,0.801,3.007","0.892,0.438,-0.115,-0.434,0.899,0.059,0.130,-0.002,0.992"
2p8d,0,12,B,378,CG/GC,A.DC9&A.DG4&&A.DG10&A.DC3,"0.332,1.060,2.931","0.892,0.434,-0.130,-0.438,0.899,-0.002,0.116,0.059,0.992"
2p8d,0,12,B,379,GC/AT,A.DG4&A.DC9&&A.DA5&A.DT8,"0.514,0.074,3.356","0.794,0.606,-0.047,-0.603,0.795,0.064,0.076,-0.022,0.997"
2p8d,0,12,B,380,TA/CG,A.DT8&A.DA5&&A.DC9&A.DG4,"-0.295,-0.037,3.383","0.794,0.603,-0.076,-0.606,0.795,-0.022,0.047,0.064,0.997"
2p8d,0,12,B,381,TA/CG,A.DT8&A.DA5&&A.DC9&A.DG4,"-0.294,-0.036,3.384","0.793,0.604,-0.076,-0.607,0.795,-0.023,0.047,0.064,0.997"
2p8d,0,12,B,382,GC/AT,A.DG4&A.DC9&&A.DA5&A.DT8,"0.512,0.074,3.357","0.794,0.607,-0.047,-0.604,0.794,0.064,0.076,-0.023,0.997"
2p8d,0,12,B,383,CG/GC,A.DC9&A.DG4&&A.DG10&A.DC3,"0.332,1.058,2.930","0.892,0.433,-0.130,-0.437,0.900,-0.002,0.115,0.058,0.992"
2p8d,0,12,B,384,CG/GC,A.DC3&A.DG10&&A.DG4&A.DC9,"-0.375,0.801,3.006","0.892,0.437,-0.115,-0.433,0.900,0.058,0.130,-0.002,0.992"
2p8d,0,12,B,385,GC/CG,A.DG10&A.DC3&&A.DC11&A.DG2,"-1.147,0.414,3.339","0.741,0.667,0.080,-0.660,0.745,-0.100,-0.126,0.021,0.992"
2p8d,0,12,B,386,GC/CG,A.DG2&A.DC11&&A.DC3&A.DG10,"0.305,0.731,3.465","0.741,0.660,0.127,-0.667,0.745,0.021,-0.080,-0.100,0.992"
307d,0,10,B,387,AT/AT,A.DA2&B.DT19&&A.DA3&B.DT18,"-0.024,0.272,3.218","0.829,0.548,-0.109,-0.551,0.834,0.006,0.094,0.055,0.994"
307d,0,10,B,388,TA/TA,B.DT18&A.DA3&&B.DT19&A.DA2,"0.221,0.260,3.212","0.829,0.551,-0.094,-0.549,0.834,0.055,0.109,0.006,0.994"
307d,0,10,B,389,AT/AT,A.DA3&B.DT18&&A.DA4&B.DT17,"0.285,-0.150,3.090","0.863,0.503,-0.050,-0.506,0.859,-0.079,0.004,0.094,0.996"
307d,0,10,B,390,TA/TA,B.DT17&A.DA4&&B.DT18&A.DA3,"-0.014,-0.517,3.063","0.863,0.506,-0.004,-0.503,0.859,0.094,0.051,-0.079,0.996"
307d,0,10,B,391,AT/GC,A.DA4&B.DT17&&A.DG5&B.DC16,"0.359,-0.634,3.342","0.849,0.527,-0.026,-0.526,0.850,0.023,0.034,-0.006,0.999"
307d,0,10,B,392,CG/TA,B.DC16&A.DG5&&B.DT17&A.DA4,"0.115,-0.650,3.356","0.849,0.527,-0.034,-0.527,0.850,-0.006,0.025,0.023,0.999"
307d,0,10,B,393,GC/AT,A.DG5&B.DC16&&A.DA6&B.DT15,"-0.141,-0.509,3.440","0.770,0.633,0.083,-0.636,0.772,0.008,-0.060,-0.059,0.996"
307d,0,10,B,394,TA/CG,B.DT15&A.DA6&&B.DC16&A.DG5,"0.144,-0.277,3.467","0.770,0.636,0.060,-0.633,0.772,-0.059,-0.083,0.008,0.996"
307d,0,10,B,395,AT/AT,A.DA6&B.DT15&&A.DA7&B.DT14,"0.033,-0.518,3.144","0.809,0.587,0.034,-0.588,0.809,0.029,-0.011,-0.043,0.999"
307d,0,10,B,396,TA/TA,B.DT14&A.DA7&&B.DT15&A.DA6,"0.170,-0.349,3.163","0.809,0.588,0.011,-0.587,0.809,-0.043,-0.034,0.029,0.999"
307d,0,10,B,397,AT/AT,A.DA7&B.DT14&&A.DA8&B.DT13,"-0.102,-0.283,3.255","0.804,0.594,0.024,-0.592,0.805,-0.045,-0.047,0.021,0.999"
307d,0,10,B,398,TA/TA,B.DT13&A.DA8&&B.DT14&A.DA7,"0.170,-0.313,3.249","0.804,0.592,0.046,-0.594,0.804,0.021,-0.025,-0.045,0.999"
307d,0,10,B,399,AT/AT,A.DA8&B.DT13&&A.DA9&B.DT12,"0.441,-0.128,3.053","0.811,0.584,-0.001,-0.584,0.810,-0.056,-0.032,0.046,0.998"
307d,0,10,B,400,TA/TA,B.DT12&A.DA9&&B.DT13&A.DA8,"-0.279,-0.532,3.028","0.812,0.583,0.032,-0.585,0.810,0.046,0.002,-0.056,0.998"
3bse,0,16,B,401,CG/TA,A.DC4&B.DG35&&A.DT5&B.DA34,"-0.356,-0.463,3.205","0.872,0.490,-0.004,-0.489,0.872,0.028,0.018,-0.022,1.000"
3bse,0,16,B,402,AT/GC,B.DA34&A.DT5&&B.DG35&A.DC4,"0.551,-0.139,3.208","0.872,0.489,-0.018,-0.490,0.872,-0.022,0.004,0.028,1.000"
3bse,0,16,B,403,TA/AT,A.DT5&B.DA34&&A.DA6&B.DT33,"0.137,1.217,3.541","0.747,0.663,-0.049,-0.659,0.748,0.078,0.089,-0.026,0.996"
3bse,0,16,B,404,TA/AT,B.DT33&A.DA6&&B.DA34&A.DT5,"-0.736,1.098,3.506","0.747,0.659,-0.089,-0.663,0.748,-0.026,0.049,0.079,0.996"
3bse,0,16,B,405,AT/CG,A.DA6&B.DT33&&A.DC7&B.DG32,"0.637,-0.050,3.065","0.926,0.370,-0.078,-0.370,0.929,0.017,0.078,0.012,0.997"
3bse,0,16,B,406,GC/TA,B.DG32&A.DC7&&B.DT33&A.DA6,"-0.334,-0.228,3.104","0.926,0.370,-0.079,-0.370,0.929,0.012,0.077,0.017,0.997"
3bse,0,16,B,407,CG/AT,A.DC7&B.DG32&&A.DA8&B.DT31,"-1.001,1.846,3.305","0.669,0.740,0.077,-0.742,0.670,0.016,-0.040,-0.067,0.997"
3bse,0,16,B,408,TA/GC,B.DT31&A.DA8&&B.DG32&A.DC7,"-0.949,2.031,3.211","0.669,0.743,0.040,-0.739,0.670,-0.068,-0.076,0.016,0.997"
3bse,0,16,B,409,AT/AT,A.DA8&B.DT31&&A.DA9&B.DT30,"0.108,0.161,3.375","0.848,0.527,-0.067,-0.529,0.849,-0.007,0.053,0.042,0.998"
3bse,0,16,B,410,TA/TA,B.DT30&A.DA9&&B.DT31&A.DA8,"0.049,0.055,3.379","0.847,0.528,-0.053,-0.527,0.849,0.042,0.066,-0.007,0.998"
3bse,0,16,B,411,AT/TA,A.DA9&B.DT30&&A.DT10&B.DA29,"0.560,-0.580,3.319","0.845,0.534,0.028,-0.535,0.845,0.004,-0.023,-0.019,1.000"
3bse,0,16,B,412,AT/TA,B.DA29&A.DT10&&B.DT30&A.DA9,"-0.258,-0.777,3.316","0.845,0.535,0.022,-0.534,0.845,-0.019,-0.029,0.004,1.000"
3bse,0,16,B,413,TA/GC,A.DT10&B.DA29&&A.DG11&B.DC28,"0.523,-0.317,3.605","0.783,0.606,-0.141,-0.607,0.793,0.043,0.138,0.052,0.989"
3bse,0,16,B,414,CG/AT,B.DC28&A.DG11&&B.DA29&A.DT10,"0.292,-0.416,3.621","0.783,0.607,-0.137,-0.606,0.794,0.053,0.142,0.043,0.989"
3bse,0,16,B,415,GC/TA,A.DG11&B.DC28&&A.DT12&B.DA27,"-0.308,-0.750,3.314","0.839,0.545,0.011,-0.544,0.839,-0.020,-0.020,0.010,1.000"
3bse,0,16,B,416,AT/CG,B.DA27&A.DT12&&B.DC28&A.DG11,"0.631,-0.527,3.311","0.838,0.545,0.020,-0.544,0.839,0.011,-0.011,-0.020,1.000"
3bse,0,16,B,417,TA/TA,A.DT12&B.DA27&&A.DT13&B.DA26,"0.036,0.073,3.344","0.850,0.526,-0.041,-0.525,0.851,0.023,0.047,0.001,0.999"
3bse,0,16,B,418,AT/AT,B.DA26&A.DT13&&B.DA27&A.DT12,"0.068,0.122,3.342","0.850,0.525,-0.047,-0.525,0.851,0.002,0.041,0.023,0.999"
3bse,0,16,B,419,TA/GC,A.DT13&B.DA26&&A.DG14&B.DC25,"-1.078,1.931,3.166","0.650,0.756,0.081,-0.752,0.655,-0.076,-0.110,-0.012,0.994"
3bse,0,16,B,420,CG/AT,B.DC25&A.DG14&&B.DA26&A.DT13,"-1.016,1.836,3.242","0.650,0.752,0.110,-0.756,0.655,-0.012,-0.081,-0.076,0.994"
3bse,0,16,B,421,GC/CG,A.DG14&B.DC25&&A.DC15&B.DG24,"-0.100,-0.232,3.052","0.927,0.366,-0.083,-0.366,0.931,0.003,0.078,0.029,0.997"
3bse,0,16,B,422,GC/CG,B.DG24&A.DC15&&B.DC25&A.DG14,"0.431,-0.172,3.027","0.927,0.366,-0.078,-0.365,0.931,0.028,0.083,0.002,0.997"
3bse,0,16,B,423,CG/AT,A.DC15&B.DG24&&A.DA16&B.DT23,"-0.820,0.897,3.388","0.743,0.668,-0.042,-0.669,0.743,-0.025,0.014,0.047,0.999"
3bse,0,16,B,424,TA/GC,B.DT23&A.DA16&&B.DG24&A.DC15,"0.151,1.129,3.415","0.743,0.669,-0.014,-0.668,0.742,0.047,0.041,-0.025,0.999"
3bse,0,16,B,425,AT/AT,A.DA16&B.DT23&&A.DA17&B.DT22,"0.643,-0.312,3.410","0.869,0.492,-0.058,-0.492,0.870,0.023,0.062,0.009,0.998"
3bse,0,16,B,426,TA/TA,B.DT22&A.DA17&&B.DT23&A.DA16,"-0.207,-0.510,3.441","0.869,0.492,-0.062,-0.492,0.871,0.009,0.058,0.023,0.998"
3dnb,0,4,B,427,CG/AT,A.DC2&A.DG9&&A.DA3&A.DT8,"-1.187,2.443,3.407","0.644,0.752,0.143,-0.756,0.653,-0.031,-0.117,-0.088,0.989"
3dnb,0,4,B,428,TA/GC,A.DT8&A.DA3&&A.DG9&A.DC2,"-1.560,2.389,3.293","0.643,0.756,0.117,-0.752,0.654,-0.088,-0.143,-0.031,0.989"
3dnb,1,4,B,429,CG/AT,A.DC2&A.DG9&&A.DA3&A.DT8,"-1.185,2.444,3.406","0.644,0.752,0.143,-0.756,0.654,-0.031,-0.117,-0.089,0.989"
3dnb,1,4,B,430,TA/GC,A.DT8&A.DA3&&A.DG9&A.DC2,"-1.562,2.389,3.291","0.644,0.756,0.117,-0.751,0.654,-0.089,-0.143,-0.031,0.989"
3ey3,0,12,B,431,GC/CG,A.DG102&B.DC211&&A.DC103&B.DG210,"1.052,-0.330,3.240","0.830,0.552,-0.082,-0.549,0.834,0.059,0.101,-0.004,0.995"
3ey3,0,12,B,432,GC/CG,B.DG210&A.DC103&&B.DC211&A.DG102,"-0.425,-0.662,3.330","0.830,0.549,-0.101,-0.552,0.834,-0.004,0.082,0.059,0.995"
3ey3,0,12,B,433,CG/GC,A.DC103&B.DG210&&A.DG104&B.DC209,"0.401,0.129,2.974","0.853,0.487,-0.191,-0.493,0.870,0.013,0.172,0.084,0.981"
3ey3,0,12,B,434,CG/GC,B.DC209&A.DG104&&B.DG210&A.DC103,"0.164,-0.048,2.999","0.852,0.494,-0.172,-0.486,0.870,0.083,0.191,0.013,0.981"
3ey3,0,12,B,435,CG/GC,A.DC109&B.DG204&&A.DG110&B.DC203,"0.190,0.413,2.890","0.836,0.533,-0.130,-0.531,0.846,0.056,0.139,0.022,0.990"
3ey3,0,12,B,436,CG/GC,B.DC203&A.DG110&&B.DG204&A.DC109,"-0.005,0.410,2.897","0.836,0.531,-0.139,-0.533,0.846,0.022,0.130,0.056,0.990"
3ey3,0,12,B,437,GC/CG,A.DG110&B.DC203&&A.DC111&B.DG202,"0.096,-0.774,3.429","0.830,0.557,-0.024,-0.555,0.830,0.057,0.052,-0.034,0.998"
3ey3,0,12,B,438,GC/CG,B.DG202&A.DC111&&B.DC203&A.DG110,"0.434,-0.500,3.454","0.830,0.555,-0.052,-0.557,0.830,-0.034,0.024,0.057,0.998"
3fl6,0,6,B,439,CG/GC,A.DC2&B.DG6&&A.DG3&B.DC5,"-0.113,0.634,3.062","0.890,0.436,-0.132,-0.430,0.900,0.073,0.150,-0.008,0.989"
3fl6,0,6,B,440,CG/GC,B.DC5&A.DG3&&B.DG6&A.DC2,"0.228,0.841,3.005","0.890,0.430,-0.150,-0.436,0.900,-0.007,0.132,0.073,0.989"
3ggk,0,10,B,441,CG/AT,A.DC2&A.DG9&&A.DA3&A.DT8,"-1.156,2.500,3.212","0.633,0.768,0.099,-0.768,0.639,-0.038,-0.093,-0.052,0.994"
3ggk,0,10,B,442,TA/GC,A.DT8&A.DA3&&A.DG9&A.DC2,"-1.506,2.363,3.171","0.634,0.768,0.092,-0.768,0.639,-0.052,-0.099,-0.038,0.994"
3ggk,0,10,B,443,AT/GC,A.DA3&A.DT8&&A.DG4&A.DC7,"0.619,0.891,3.037","0.929,0.345,-0.134,-0.354,0.934,-0.047,0.108,0.091,0.990"
3ggk,0,10,B,444,CG/TA,A.DC7&A.DG4&&A.DT8&A.DA3,"-0.478,0.471,3.154","0.929,0.354,-0.108,-0.345,0.934,0.091,0.133,-0.047,0.990"
3ggk,0,10,B,445,GC/GC,A.DG4&A.DC7&&A.DG5&A.DC6,"-0.813,0.238,3.483","0.805,0.592,-0.036,-0.593,0.805,-0.026,0.014,0.043,0.999"
3ggk,0,10,B,446,CG/CG,A.DC6&A.DG5&&A.DC7&A.DG4,"0.640,0.583,3.479","0.805,0.593,-0.013,-0.592,0.805,0.043,0.037,-0.026,0.999"
3ggk,0,10,B,447,GC/CG,A.DG5&A.DC6&&A.DC6&A.DG5,"0.003,-0.392,3.736","0.685,0.724,0.075,-0.724,0.689,-0.033,-0.075,-0.033,0.997"
3ggk,0,10,B,448,GC/CG,A.DG5&A.DC6&&A.DC6&A.DG5,"0.001,-0.394,3.736","0.685,0.724,0.075,-0.724,0.689,-0.032,-0.075,-0.032,0.997"
3ggk,0,10,B,449,CG/CG,A.DC6&A.DG5&&A.DC7&A.DG4,"0.641,0.582,3.477","0.805,0.594,-0.014,-0.593,0.804,0.043,0.036,-0.027,0.999"
3ggk,0,10,B,450,GC/GC,A.DG4&A.DC7&&A.DG5&A.DC6,"-0.814,0.238,3.482","0.805,0.593,-0.036,-0.594,0.804,-0.027,0.014,0.043,0.999"
3ggk,0,10,B,451,CG/TA,A.DC7&A.DG4&&A.DT8&A.DA3,"-0.477,0.470,3.155","0.929,0.354,-0.108,-0.345,0.934,0.091,0.134,-0.047,0.990"
3ggk,0,10,B,452,AT/GC,A.DA3&A.DT8&&A.DG4&A.DC7,"0.619,0.892,3.037","0.929,0.345,-0.133,-0.354,0.934,-0.048,0.109,0.091,0.990"
3ggk,0,10,B,453,TA/GC,A.DT8&A.DA3&&A.DG9&A.DC2,"-1.506,2.366,3.169","0.634,0.768,0.092,-0.767,0.639,-0.053,-0.100,-0.038,0.994"
3ggk,0,10,B,454,CG/AT,A.DC2&A.DG9&&A.DA3&A.DT8,"-1.157,2.501,3.212","0.633,0.767,0.099,-0.768,0.639,-0.037,-0.093,-0.053,0.994"
3igt,0,6,B,455,CG/GC,A.DC2&B.DG19&&A.DG3&B.DC18,"-1.092,2.169,3.633","0.719,0.679,0.149,-0.674,0.734,-0.089,-0.169,-0.037,0.985"
3igt,0,6,B,456,CG/GC,B.DC18&A.DG3&&B.DG19&A.DC2,"-1.229,2.004,3.684","0.719,0.674,0.169,-0.679,0.733,-0.036,-0.149,-0.089,0.985"
3igt,0,6,B,457,GC/AT,A.DG3&B.DC18&&A.DA4&B.DT17,"-1.678,0.422,3.805","0.721,0.693,-0.018,-0.690,0.719,0.081,0.069,-0.046,0.997"
3igt,0,6,B,458,TA/CG,B.DT17&A.DA4&&B.DC18&A.DG3,"0.986,1.770,3.656","0.721,0.690,-0.069,-0.693,0.719,-0.046,0.018,0.081,0.997"
3igt,0,6,B,459,AT/GC,A.DA4&B.DT17&&A.DG5&B.DC16,"0.697,0.612,3.199","0.813,0.576,0.077,-0.577,0.817,-0.013,-0.070,-0.034,0.997"
3igt,0,6,B,460,CG/TA,B.DC16&A.DG5&&B.DT17&A.DA4,"-1.165,0.056,3.120","0.813,0.577,0.070,-0.576,0.817,-0.034,-0.077,-0.013,0.997"
3igt,1,4,B,461,CG/TA,A.DC8&D.DG33&&A.DT9&D.DA32,"0.059,1.123,3.328","0.853,0.506,-0.126,-0.476,0.854,0.209,0.213,-0.118,0.970"
3igt,1,4,B,462,AT/GC,D.DA32&A.DT9&&D.DG33&A.DC8,"-0.201,1.626,3.107","0.853,0.476,-0.213,-0.506,0.854,-0.118,0.125,0.209,0.970"
3igt,2,4,B,463,TA/CG,B.DT12&C.DA29&&B.DC13&C.DG28,"0.511,1.207,3.869","0.769,0.637,-0.050,-0.626,0.767,0.139,0.127,-0.076,0.989"
3igt,2,4,B,464,GC/AT,C.DG28&B.DC13&&C.DA29&B.DT12,"-0.970,1.144,3.800","0.769,0.627,-0.127,-0.637,0.767,-0.076,0.050,0.139,0.989"
3igt,3,6,B,465,CG/GC,C.DC22&D.DG39&&C.DG23&D.DC38,"-1.007,2.524,3.630","0.742,0.670,-0.002,-0.670,0.743,0.005,0.004,-0.002,1.000"
3igt,3,6,B,466,CG/GC,D.DC38&C.DG23&&D.DG39&C.DC22,"-0.937,2.564,3.621","0.742,0.670,-0.004,-0.670,0.743,-0.002,0.002,0.004,1.000"
3igt,3,6,B,467,GC/GC,C.DG23&D.DC38&&C.DG24&D.DC37,"-1.225,1.218,3.400","0.783,0.622,-0.016,-0.618,0.774,-0.138,-0.073,0.118,0.990"
3igt,3,6,B,468,CG/CG,D.DC37&C.DG24&&D.DC38&C.DG23,"0.256,1.231,3.600","0.783,0.618,0.073,-0.623,0.774,0.118,0.016,-0.138,0.990"
3igt,3,6,B,469,GC/CG,C.DG24&D.DC37&&C.DC25&D.DG36,"-0.064,0.110,3.037","0.823,0.555,0.122,-0.563,0.825,0.052,-0.072,-0.111,0.991"
3igt,3,6,B,470,GC/CG,D.DG36&C.DC25&&D.DC37&C.DG24,"-0.380,0.285,3.002","0.823,0.563,0.072,-0.554,0.825,-0.112,-0.123,0.052,0.991"
3tok,0,6,B,471,CG/GC,A.DC2&B.DG19&&A.DG3&B.DC18,"-0.818,2.442,3.471","0.831,0.555,-0.038,-0.552,0.832,0.057,0.063,-0.027,0.998"
3tok,0,6,B,472,CG/GC,B.DC18&A.DG3&&B.DG19&A.DC2,"-0.543,2.682,3.345","0.832,0.552,-0.063,-0.555,0.832,-0.027,0.037,0.058,0.998"
3tok,0,6,B,473,GC/AT,A.DG3&B.DC18&&A.DA4&B.DT17,"-1.764,1.409,3.113","0.745,0.663,-0.080,-0.666,0.729,-0.157,-0.045,0.170,0.984"
3tok,0,6,B,474,TA/CG,B.DT17&A.DA4&&B.DC18&A.DG3,"0.629,1.714,3.384","0.745,0.666,0.046,-0.663,0.729,0.170,0.080,-0.157,0.984"
3tok,0,6,B,475,AT/TA,A.DA4&B.DT17&&A.DT5&B.DA16,"-0.075,-0.478,3.264","0.858,0.514,-0.004,-0.514,0.857,0.037,0.022,-0.029,0.999"
3tok,0,6,B,476,AT/TA,B.DA16&A.DT5&&B.DT17&A.DA4,"0.322,-0.251,3.274","0.857,0.514,-0.022,-0.514,0.857,-0.030,0.003,0.037,0.999"
3tok,3,6,B,477,CG/GC,A.DC2&B.DG19&&A.DG3&B.DC18,"-0.818,2.442,3.471","0.831,0.555,-0.038,-0.552,0.832,0.057,0.063,-0.027,0.998"
3tok,3,6,B,478,CG/GC,B.DC18&A.DG3&&B.DG19&A.DC2,"-0.543,2.682,3.345","0.832,0.552,-0.063,-0.555,0.832,-0.027,0.037,0.058,0.998"
3tok,3,6,B,479,GC/AT,A.DG3&B.DC18&&A.DA4&B.DT17,"-1.764,1.409,3.113","0.745,0.663,-0.080,-0.666,0.729,-0.157,-0.045,0.170,0.984"
3tok,3,6,B,480,TA/CG,B.DT17&A.DA4&&B.DC18&A.DG3,"0.629,1.714,3.384","0.745,0.666,0.046,-0.663,0.729,0.170,0.080,-0.157,0.984"
3tok,3,6,B,481,AT/TA,A.DA4&B.DT17&&A.DT5&B.DA16,"-0.075,-0.478,3.264","0.858,0.514,-0.004,-0.514,0.857,0.037,0.022,-0.029,0.999"
3tok,3,6,B,482,AT/TA,B.DA16&A.DT5&&B.DT17&A.DA4,"0.322,-0.251,3.274","0.857,0.514,-0.022,-0.514,0.857,-0.030,0.003,0.037,0.999"
423d,0,12,B,483,CG/CG,A.DC2&B.DG23&&A.DC3&B.DG22,"0.566,0.067,3.419","0.825,0.552,-0.121,-0.552,0.833,0.044,0.125,0.031,0.992"
423d,0,12,B,484,GC/GC,B.DG22&A.DC3&&B.DG23&A.DC2,"-0.089,-0.107,3.463","0.825,0.552,-0.125,-0.553,0.833,0.031,0.122,0.044,0.992"
423d,0,12,B,485,CG/GC,A.DC3&B.DG22&&A.DG4&B.DC21,"1.006,1.110,3.265","0.829,0.556,-0.062,-0.548,0.829,0.111,0.114,-0.059,0.992"
423d,0,12,B,486,CG/GC,B.DC21&A.DG4&&B.DG22&A.DC3,"-1.249,0.734,3.287","0.829,0.548,-0.113,-0.556,0.829,-0.059,0.062,0.112,0.992"
423d,0,12,B,487,GC/AT,A.DG4&B.DC21&&A.DA5&B.DT20,"-1.381,0.795,3.345","0.776,0.626,-0.075,-0.630,0.774,-0.058,0.021,0.092,0.996"
423d,0,12,B,488,TA/CG,B.DT20&A.DA5&&B.DC21&A.DG4,"0.823,1.291,3.374","0.776,0.630,-0.021,-0.626,0.774,0.092,0.075,-0.059,0.995"
423d,0,12,B,489,AT/CG,A.DA5&B.DT20&&A.DC6&B.DG19,"0.505,-0.211,3.324","0.823,0.566,-0.047,-0.566,0.824,0.010,0.044,0.019,0.999"
423d,0,12,B,490,GC/TA,B.DG19&A.DC6&&B.DT20&A.DA5,"-0.141,-0.427,3.338","0.823,0.566,-0.044,-0.566,0.825,0.018,0.047,0.010,0.999"
423d,0,12,B,491,CG/GC,A.DC6&B.DG19&&A.DG7&B.DC18,"1.069,0.509,3.521","0.807,0.583,-0.089,-0.566,0.809,0.160,0.165,-0.079,0.983"
423d,0,12,B,492,CG/GC,B.DC18&A.DG7&&B.DG19&A.DC6,"-0.848,0.369,3.598","0.807,0.566,-0.165,-0.583,0.809,-0.079,0.088,0.160,0.983"
423d,0,12,B,493,GC/TA,A.DG7&B.DC18&&A.DT8&B.DA17,"-0.019,-0.109,2.924","0.890,0.449,-0.081,-0.453,0.890,-0.047,0.050,0.078,0.996"
423d,0,12,B,494,AT/CG,B.DA17&A.DT8&&B.DC18&A.DG7,"0.302,-0.226,2.902","0.890,0.453,-0.051,-0.449,0.890,0.079,0.080,-0.047,0.996"
423d,0,12,B,495,TA/CG,A.DT8&B.DA17&&A.DC9&B.DG16,"0.677,-0.033,3.338","0.757,0.652,0.030,-0.653,0.757,0.035,-0.000,-0.047,0.999"
423d,0,12,B,496,GC/AT,B.DG16&A.DC9&&B.DA17&A.DT8,"-0.593,-0.349,3.336","0.757,0.653,0.001,-0.652,0.757,-0.047,-0.030,0.036,0.999"
423d,0,12,B,497,CG/GC,A.DC9&B.DG16&&A.DG10&B.DC15,"-0.340,0.360,3.222","0.839,0.514,-0.180,-0.512,0.857,0.057,0.183,0.044,0.982"
423d,0,12,B,498,CG/GC,B.DC15&A.DG10&&B.DG16&A.DC9,"0.680,0.667,3.118","0.839,0.512,-0.183,-0.514,0.857,0.044,0.180,0.057,0.982"
423d,0,12,B,499,GC/GC,A.DG10&B.DC15&&A.DG11&B.DC14,"0.608,-0.085,3.417","0.818,0.568,-0.091,-0.567,0.823,0.031,0.093,0.026,0.995"
423d,0,12,B,500,CG/CG,B.DC14&A.DG11&&B.DC15&A.DG10,"-0.137,-0.309,3.456","0.818,0.567,-0.093,-0.568,0.823,0.026,0.092,0.031,0.995"
431d,0,8,B,501,CG/AT,A.DC4&B.DG19&&A.DA5&B.DT18,"-0.103,0.566,3.634","0.700,0.712,-0.055,-0.712,0.702,0.034,0.062,0.015,0.998"
431d,0,8,B,502,TA/GC,B.DT18&A.DA5&&B.DG19&A.DC4,"-0.134,0.593,3.629","0.700,0.712,-0.062,-0.712,0.702,0.015,0.054,0.034,0.998"
431d,0,8,B,503,AT/AT,A.DA5&B.DT18&&A.DA6&B.DT17,"0.357,-0.117,3.298","0.793,0.609,0.035,-0.608,0.793,-0.027,-0.044,0.000,0.999"
431d,0,8,B,504,TA/TA,B.DT17&A.DA6&&B.DT18&A.DA5,"-0.327,-0.399,3.279","0.793,0.608,0.045,-0.609,0.793,0.000,-0.035,-0.027,0.999"
431d,0,8,B,505,AT/TA,A.DA6&B.DT17&&A.DT7&B.DA16,"0.326,-0.450,3.238","0.859,0.509,0.055,-0.511,0.859,0.017,-0.039,-0.043,0.998"
431d,0,8,B,506,AT/TA,B.DA16&A.DT7&&B.DT17&A.DA6,"-0.231,-0.497,3.240","0.859,0.511,0.039,-0.509,0.859,-0.043,-0.056,0.017,0.998"
431d,0,8,B,507,TA/TA,A.DT7&B.DA16&&A.DT8&B.DA15,"0.221,-0.433,3.382","0.798,0.600,0.061,-0.602,0.799,0.011,-0.043,-0.045,0.998"
431d,0,8,B,508,AT/AT,B.DA15&A.DT8&&B.DA16&A.DT7,"-0.122,-0.444,3.386","0.797,0.602,0.042,-0.600,0.799,-0.045,-0.061,0.011,0.998"
431d,0,8,B,509,TA/GC,A.DT8&B.DA15&&A.DG9&B.DC14,"0.373,-0.659,3.487","0.783,0.620,-0.050,-0.616,0.785,0.073,0.085,-0.027,0.996"
431d,0,8,B,510,CG/AT,B.DC14&A.DG9&&B.DA15&A.DT8,"0.290,-0.491,3.523","0.783,0.616,-0.084,-0.620,0.784,-0.027,0.050,0.074,0.996"
456d,0,4,B,511,GC/CG,A.DG2&B.DC23&&A.DC3&B.DG22,"0.297,0.437,3.674","0.741,0.666,0.087,-0.668,0.744,-0.012,-0.073,-0.049,0.996"
456d,0,4,B,512,GC/CG,B.DG22&A.DC3&&B.DC23&A.DG2,"-0.831,0.083,3.616","0.740,0.668,0.072,-0.666,0.744,-0.050,-0.087,-0.012,0.996"
456d,2,4,B,513,GC/CG,A.DG10&B.DC15&&A.DC11&B.DG14,"-1.790,0.005,3.291","0.709,0.687,0.163,-0.670,0.727,-0.150,-0.221,-0.003,0.975"
456d,2,4,B,514,GC/CG,B.DG14&A.DC11&&B.DC15&A.DG10,"0.729,0.711,3.605","0.709,0.670,0.221,-0.687,0.727,-0.003,-0.163,-0.150,0.975"
476d,0,10,B,515,CG/GC,A.DC3&B.DG22&&A.DG4&B.DC21,"-0.252,0.656,2.998","0.895,0.434,-0.108,-0.431,0.901,0.047,0.118,0.004,0.993"
476d,0,10,B,516,CG/GC,B.DC21&A.DG4&&B.DG22&A.DC3,"0.264,0.841,2.951","0.895,0.431,-0.118,-0.434,0.901,0.004,0.108,0.047,0.993"
476d,0,10,B,517,GC/AT,A.DG4&B.DC21&&A.DA5&B.DT20,"-0.211,-0.058,3.343","0.778,0.627,-0.037,-0.627,0.779,0.009,0.034,0.017,0.999"
476d,0,10,B,518,TA/CG,B.DT20&A.DA5&&B.DC21&A.DG4,"0.325,0.116,3.332","0.778,0.627,-0.035,-0.627,0.779,0.017,0.037,0.008,0.999"
476d,0,10,B,519,AT/AT,A.DA5&B.DT20&&A.DA6&B.DT19,"0.028,-0.040,3.294","0.784,0.620,-0.027,-0.620,0.783,-0.051,-0.010,0.057,0.998"
476d,0,10,B,520,TA/TA,B.DT19&A.DA6&&B.DT20&A.DA5,"0.092,-0.217,3.286","0.784,0.620,0.010,-0.620,0.783,0.057,0.027,-0.051,0.998"
476d,0,10,B,521,AT/TA,A.DA6&B.DT19&&A.DT7&B.DA18,"0.027,-0.562,3.285","0.827,0.559,0.053,-0.559,0.829,-0.019,-0.054,-0.014,0.998"
476d,0,10,B,522,AT/TA,B.DA18&A.DT7&&B.DT19&A.DA6,"0.118,-0.542,3.286","0.827,0.559,0.054,-0.559,0.829,-0.014,-0.053,-0.018,0.998"
476d,0,10,B,523,TA/TA,A.DT7&B.DA18&&A.DT8&B.DA17,"0.167,-0.305,3.198","0.794,0.607,0.029,-0.608,0.793,0.041,0.001,-0.050,0.999"
476d,0,10,B,524,AT/AT,B.DA17&A.DT8&&B.DA18&A.DT7,"-0.041,-0.213,3.210","0.794,0.608,-0.001,-0.607,0.793,-0.050,-0.029,0.041,0.999"
476d,0,10,B,525,TA/CG,A.DT8&B.DA17&&A.DC9&B.DG16,"0.318,0.044,3.470","0.757,0.654,0.006,-0.653,0.757,-0.009,-0.011,0.003,1.000"
476d,0,10,B,526,GC/AT,B.DG16&A.DC9&&B.DA17&A.DT8,"-0.291,-0.208,3.466","0.757,0.653,0.011,-0.653,0.757,0.003,-0.006,-0.009,1.000"
476d,0,10,B,527,CG/GC,A.DC9&B.DG16&&A.DG10&B.DC15,"0.121,0.477,3.044","0.859,0.511,-0.038,-0.512,0.859,-0.010,0.029,0.028,0.999"
476d,0,10,B,528,CG/GC,B.DC15&A.DG10&&B.DG16&A.DC9,"-0.229,0.319,3.058","0.859,0.511,-0.028,-0.511,0.859,0.028,0.039,-0.009,0.999"
477d,0,10,B,529,CG/GC,A.DC3&B.DG22&&A.DG4&B.DC21,"-0.230,0.647,3.213","0.888,0.441,-0.133,-0.431,0.897,0.098,0.162,-0.030,0.986"
477d,0,10,B,530,CG/GC,B.DC21&A.DG4&&B.DG22&A.DC3,"0.347,0.994,3.113","0.888,0.431,-0.162,-0.441,0.897,-0.030,0.133,0.098,0.986"
477d,0,10,B,531,GC/AT,A.DG4&B.DC21&&A.DA5&B.DT20,"-0.133,0.059,3.119","0.786,0.617,-0.046,-0.618,0.786,-0.025,0.021,0.048,0.999"
477d,0,10,B,532,TA/CG,B.DT20&A.DA5&&B.DC21&A.DG4,"0.212,0.050,3.115","0.786,0.618,-0.020,-0.617,0.786,0.048,0.046,-0.025,0.999"
477d,0,10,B,533,AT/AT,A.DA5&B.DT20&&A.DA6&B.DT19,"-0.316,-0.060,3.310","0.775,0.632,0.001,-0.632,0.774,-0.029,-0.018,0.022,1.000"
477d,0,10,B,534,TA/TA,B.DT19&A.DA6&&B.DT20&A.DA5,"0.280,0.059,3.314","0.775,0.632,0.019,-0.633,0.774,0.022,-0.001,-0.029,1.000"
477d,0,10,B,535,AT/TA,A.DA6&B.DT19&&A.DT7&B.DA18,"0.079,-0.431,3.192","0.806,0.591,0.037,-0.591,0.807,-0.015,-0.038,-0.009,0.999"
477d,0,10,B,536,AT/TA,B.DA18&A.DT7&&B.DT19&A.DA6,"0.075,-0.442,3.191","0.806,0.591,0.038,-0.591,0.807,-0.009,-0.037,-0.015,0.999"
477d,0,10,B,537,TA/TA,A.DT7&B.DA18&&A.DT8&B.DA17,"0.266,-0.050,3.284","0.816,0.577,0.008,-0.578,0.816,0.016,0.003,-0.018,1.000"
477d,0,10,B,538,AT/AT,B.DA17&A.DT8&&B.DA18&A.DT7,"-0.215,-0.141,3.285","0.816,0.578,-0.003,-0.578,0.816,-0.018,-0.009,0.016,1.000"
477d,0,10,B,539,TA/CG,A.DT8&B.DA17&&A.DC9&B.DG16,"0.142,0.084,3.570","0.756,0.654,-0.030,-0.655,0.755,-0.021,0.009,0.036,0.999"
477d,0,10,B,540,GC/AT,B.DG16&A.DC9&&B.DA17&A.DT8,"-0.054,-0.105,3.572","0.755,0.655,-0.009,-0.654,0.756,0.036,0.030,-0.021,0.999"
477d,0,10,B,541,CG/GC,A.DC9&B.DG16&&A.DG10&B.DC15,"0.217,0.855,2.998","0.906,0.407,-0.111,-0.410,0.912,-0.007,0.099,0.051,0.994"
477d,0,10,B,542,CG/GC,B.DC15&A.DG10&&B.DG16&A.DC9,"-0.212,0.672,3.044","0.907,0.411,-0.098,-0.407,0.912,0.051,0.111,-0.006,0.994"
4ez2,0,4,B,543,CG/GC,A.DC2&B.DG19&&A.DG3&B.DC18,"-1.382,2.684,3.489","0.725,0.686,0.052,-0.686,0.727,-0.038,-0.064,-0.008,0.998"
4ez2,0,4,B,544,CG/GC,B.DC18&A.DG3&&B.DG19&A.DC2,"-1.023,2.766,3.548","0.725,0.685,0.064,-0.687,0.727,-0.008,-0.052,-0.038,0.998"
4ez2,1,4,B,545,CG/GC,A.DC8&B.DG13&&A.DG9&B.DC12,"-1.070,2.608,3.290","0.796,0.605,0.003,-0.605,0.796,-0.024,-0.018,0.016,1.000"
4ez2,1,4,B,546,CG/GC,B.DC12&A.DG9&&B.DG13&A.DC8,"-0.738,2.645,3.352","0.796,0.605,0.017,-0.605,0.796,0.017,-0.004,-0.024,1.000"
4ez2,2,4,B,547,CG/GC,A.DC8&B.DG13&&A.DG9&B.DC12,"-1.069,2.609,3.291","0.796,0.605,0.004,-0.605,0.796,-0.023,-0.017,0.016,1.000"
4ez2,2,4,B,548,CG/GC,B.DC12&A.DG9&&B.DG13&A.DC8,"-0.740,2.647,3.351","0.796,0.605,0.017,-0.605,0.796,0.016,-0.004,-0.023,1.000"
4ez2,3,4,B,549,CG/GC,A.DC2&B.DG19&&A.DG3&B.DC18,"-1.382,2.684,3.489","0.725,0.686,0.052,-0.686,0.727,-0.038,-0.064,-0.008,0.998"
4ez2,3,4,B,550,CG/GC,B.DC18&A.DG3&&B.DG19&A.DC2,"-1.023,2.766,3.548","0.725,0.685,0.064,-0.687,0.727,-0.008,-0.052,-0.038,0.998"
4f2x,0,6,B,551,CG/GC,A.DC2&B.DG6&&A.DG3&B.DC5,"-0.127,0.741,3.041","0.897,0.431,-0.096,-0.428,0.903,0.046,0.107,0.000,0.994"
4f2x,0,6,B,552,CG/GC,B.DC5&A.DG3&&B.DG6&A.DC2,"0.088,0.863,3.010","0.897,0.428,-0.107,-0.431,0.903,-0.000,0.097,0.045,0.994"
4gre,0,6,B,553,CG/GC,A.DC2&B.DG19&&A.DG3&B.DC18,"-0.625,2.771,2.896","0.819,0.571,0.058,-0.565,0.820,-0.089,-0.098,0.041,0.994"
4gre,0,6,B,554,CG/GC,B.DC18&A.DG3&&B.DG19&A.DC2,"-1.236,2.367,3.054","0.819,0.566,0.098,-0.571,0.820,0.041,-0.057,-0.089,0.994"
4gre,0,6,B,555,GC/GC,A.DG3&B.DC18&&A.DG4&B.DC17,"-1.003,0.960,3.964","0.782,0.604,-0.153,-0.601,0.796,0.074,0.165,0.034,0.986"
4gre,0,6,B,556,CG/CG,B.DC17&A.DG4&&B.DC18&A.DG3,"0.808,1.658,3.774","0.782,0.601,-0.166,-0.604,0.796,0.034,0.152,0.073,0.986"
4gre,0,6,B,557,GC/TA,A.DG4&B.DC17&&A.DT5&B.DA16,"0.115,0.352,3.377","0.786,0.618,-0.020,-0.618,0.786,0.006,0.020,0.008,1.000"
4gre,0,6,B,558,AT/CG,B.DA16&A.DT5&&B.DC17&A.DG4,"-0.240,0.226,3.381","0.786,0.618,-0.019,-0.618,0.786,0.008,0.020,0.006,1.000"
4gre,1,4,B,559,CG/GC,A.DC8&B.DG13&&A.DG9&B.DC12,"-1.314,2.807,3.535","0.748,0.664,-0.010,-0.664,0.747,-0.033,-0.014,0.031,0.999"
4gre,1,4,B,560,CG/GC,B.DC12&A.DG9&&B.DG13&A.DC8,"-0.845,2.855,3.638","0.748,0.664,0.014,-0.664,0.747,0.031,0.010,-0.032,0.999"
4gre,2,4,B,561,CG/GC,A.DC8&B.DG13&&A.DG9&B.DC12,"-1.314,2.806,3.536","0.747,0.665,-0.011,-0.665,0.746,-0.032,-0.013,0.031,0.999"
4gre,2,4,B,562,CG/GC,B.DC12&A.DG9&&B.DG13&A.DC8,"-0.847,2.855,3.638","0.747,0.665,0.014,-0.665,0.746,0.031,0.010,-0.032,0.999"
4gre,3,6,B,563,CG/GC,A.DC2&B.DG19&&A.DG3&B.DC18,"-0.625,2.771,2.896","0.819,0.571,0.057,-0.565,0.820,-0.089,-0.098,0.041,0.994"
4gre,3,6,B,564,CG/GC,B.DC18&A.DG3&&B.DG19&A.DC2,"-1.235,2.367,3.054","0.819,0.566,0.097,-0.570,0.820,0.041,-0.057,-0.090,0.994"
4gre,3,6,B,565,GC/GC,A.DG3&B.DC18&&A.DG4&B.DC17,"-1.005,0.958,3.965","0.782,0.604,-0.152,-0.601,0.796,0.074,0.165,0.033,0.986"
4gre,3,6,B,566,CG/CG,B.DC17&A.DG4&&B.DC18&A.DG3,"0.809,1.660,3.773","0.782,0.601,-0.165,-0.604,0.796,0.033,0.152,0.074,0.986"
4gre,3,6,B,567,GC/TA,A.DG4&B.DC17&&A.DT5&B.DA16,"0.115,0.354,3.377","0.786,0.618,-0.021,-0.618,0.786,0.005,0.020,0.009,1.000"
4gre,3,6,B,568,AT/CG,B.DA16&A.DT5&&B.DC17&A.DG4,"-0.239,0.226,3.382","0.786,0.618,-0.019,-0.618,0.786,0.009,0.021,0.006,1.000"
4hqi,1,4,B,569,AT/TA,A.DA6&B.DT19&&A.DT7&B.DA18,"0.166,-0.578,3.138","0.880,0.464,-0.105,-0.463,0.886,0.027,0.105,0.024,0.994"
4hqi,1,4,B,570,AT/TA,B.DA18&A.DT7&&B.DT19&A.DA6,"0.450,-0.504,3.123","0.880,0.464,-0.105,-0.463,0.886,0.025,0.105,0.027,0.994"
4i9v,0,12,B,571,GC/CG,A.DG2&B.DC23&&A.DC3&B.DG22,"0.296,0.515,3.623","0.741,0.651,0.165,-0.662,0.749,0.015,-0.114,-0.120,0.986"
4i9v,0,12,B,572,GC/CG,B.DG22&A.DC3&&B.DC23&A.DG2,"-1.153,0.242,3.477","0.740,0.662,0.115,-0.651,0.750,-0.120,-0.165,0.015,0.986"
4i9v,0,12,B,573,AT/AT,A.DA5&B.DT20&&A.DA6&B.DT19,"0.311,-0.044,3.276","0.778,0.627,-0.022,-0.628,0.778,-0.022,0.003,0.031,1.000"
4i9v,0,12,B,574,TA/TA,B.DT19&A.DA6&&B.DT20&A.DA5,"-0.144,-0.303,3.274","0.778,0.628,-0.003,-0.627,0.778,0.031,0.021,-0.023,1.000"
4i9v,0,12,B,575,AT/TA,A.DA6&B.DT19&&A.DT7&B.DA18,"0.134,-0.527,3.283","0.851,0.524,0.042,-0.524,0.852,-0.010,-0.042,-0.013,0.999"
4i9v,0,12,B,576,AT/TA,B.DA18&A.DT7&&B.DT19&A.DA6,"0.023,-0.553,3.281","0.851,0.524,0.042,-0.524,0.852,-0.013,-0.042,-0.010,0.999"
4i9v,0,12,B,577,TA/TA,A.DT7&B.DA18&&A.DT8&B.DA17,"0.113,-0.413,3.269","0.807,0.589,0.038,-0.590,0.807,0.015,-0.022,-0.035,0.999"
4i9v,0,12,B,578,AT/AT,B.DA17&A.DT8&&B.DA18&A.DT7,"0.027,-0.350,3.279","0.807,0.590,0.022,-0.589,0.808,-0.035,-0.038,0.016,0.999"
4i9v,0,12,B,579,GC/CG,A.DG10&B.DC15&&A.DC11&B.DG14,"-1.722,0.021,3.269","0.723,0.679,0.129,-0.669,0.735,-0.115,-0.173,-0.003,0.985"
4i9v,0,12,B,580,GC/CG,B.DG14&A.DC11&&B.DC15&A.DG10,"0.809,0.791,3.517","0.723,0.669,0.173,-0.679,0.734,-0.003,-0.129,-0.115,0.985"
4kw0,0,12,B,581,GC/AT,A.DG4&B.DC21&&A.DA5&B.DT20,"0.057,-0.210,3.418","0.758,0.651,-0.030,-0.652,0.758,-0.006,0.019,0.023,1.000"
4kw0,0,12,B,582,TA/CG,B.DT20&A.DA5&&B.DC21&A.DG4,"0.194,-0.215,3.413","0.758,0.652,-0.019,-0.652,0.758,0.023,0.029,-0.006,1.000"
4kw0,0,12,B,583,AT/AT,A.DA5&B.DT20&&A.DA6&B.DT19,"0.053,-0.318,3.269","0.809,0.587,0.012,-0.587,0.809,-0.020,-0.022,0.009,1.000"
4kw0,0,12,B,584,TA/TA,B.DT19&A.DA6&&B.DT20&A.DA5,"0.104,-0.355,3.264","0.809,0.587,0.022,-0.587,0.809,0.009,-0.012,-0.020,1.000"
4kw0,0,12,B,585,AT/TA,A.DA6&B.DT19&&A.DT7&B.DA18,"0.176,-0.552,3.250","0.850,0.525,0.039,-0.524,0.851,-0.017,-0.042,-0.006,0.999"
4kw0,0,12,B,586,AT/TA,B.DA18&A.DT7&&B.DT19&A.DA6,"0.013,-0.617,3.243","0.850,0.524,0.042,-0.524,0.851,-0.006,-0.039,-0.017,0.999"
4kw0,0,12,B,587,TA/TA,A.DT7&B.DA18&&A.DT8&B.DA17,"0.067,-0.567,3.198","0.825,0.564,0.036,-0.566,0.824,0.024,-0.016,-0.041,0.999"
4kw0,0,12,B,588,AT/AT,B.DA17&A.DT8&&B.DA18&A.DT7,"0.149,-0.427,3.217","0.825,0.565,0.016,-0.565,0.824,-0.041,-0.036,0.024,0.999"
4kw0,0,12,B,589,TA/CG,A.DT8&B.DA17&&A.DC9&B.DG16,"-0.093,-0.381,3.516","0.741,0.670,0.033,-0.670,0.742,-0.024,-0.040,-0.005,0.999"
4kw0,0,12,B,590,GC/AT,B.DG16&A.DC9&&B.DA17&A.DT8,"0.207,-0.304,3.518","0.741,0.670,0.041,-0.670,0.742,-0.005,-0.033,-0.024,0.999"
4kwx,0,10,B,591,CG/GC,A.DC2&B.DG9&&A.DG3&B.DC8,"-1.426,1.079,3.159","0.838,0.543,-0.061,-0.546,0.832,-0.101,-0.004,0.118,0.993"
4kwx,0,10,B,592,CG/GC,B.DC8&A.DG3&&B.DG9&A.DC2,"0.804,1.358,3.270","0.838,0.546,0.004,-0.542,0.832,0.118,0.062,-0.101,0.993"
4kwx,0,10,B,593,GC/GC,A.DG3&B.DC8&&A.DG4&B.DC7,"0.065,-0.218,3.682","0.805,0.591,-0.060,-0.589,0.807,0.034,0.068,0.008,0.998"
4kwx,0,10,B,594,CG/CG,B.DC7&A.DG4&&B.DC8&A.DG3,"0.295,-0.089,3.676","0.805,0.589,-0.068,-0.590,0.807,0.008,0.059,0.034,0.998"
4kwx,0,10,B,595,GC/CG,A.DG4&B.DC7&&A.DC5&B.DG6,"0.650,0.395,3.517","0.769,0.636,0.057,-0.638,0.770,0.009,-0.038,-0.043,0.998"
4kwx,0,10,B,596,GC/CG,B.DG6&A.DC5&&B.DC7&A.DG4,"-0.951,-0.079,3.469","0.769,0.638,0.038,-0.637,0.770,-0.043,-0.057,0.009,0.998"
4kwx,0,10,B,597,CG/GC,A.DC5&B.DG6&&A.DG6&B.DC5,"-0.172,0.600,3.065","0.868,0.478,-0.133,-0.477,0.878,0.035,0.133,0.032,0.991"
4kwx,0,10,B,598,CG/GC,B.DC5&A.DG6&&B.DG6&A.DC5,"0.268,0.718,3.033","0.868,0.478,-0.133,-0.477,0.878,0.032,0.132,0.036,0.991"
4kwx,0,10,B,599,GC/CG,A.DG6&B.DC5&&A.DC7&B.DG4,"-1.165,0.430,3.418","0.744,0.661,0.095,-0.661,0.749,-0.039,-0.096,-0.034,0.995"
4kwx,0,10,B,600,GC/CG,B.DG4&A.DC7&&B.DC5&A.DG6,"0.260,0.961,3.498","0.744,0.661,0.097,-0.662,0.749,-0.034,-0.094,-0.038,0.995"
4kwx,0,10,B,601,CG/CG,A.DC7&B.DG4&&A.DC8&B.DG3,"0.272,0.405,3.404","0.828,0.553,-0.093,-0.554,0.832,0.027,0.092,0.030,0.995"
4kwx,0,10,B,602,GC/GC,B.DG3&A.DC8&&B.DG4&A.DC7,"-0.135,0.277,3.425","0.828,0.554,-0.092,-0.553,0.833,0.029,0.093,0.026,0.995"
4kwx,0,10,B,603,CG/GC,A.DC8&B.DG3&&A.DG9&B.DC2,"0.804,0.737,3.290","0.854,0.506,-0.123,-0.501,0.862,0.073,0.143,-0.001,0.990"
4kwx,0,10,B,604,CG/GC,B.DC2&A.DG9&&B.DG3&A.DC8,"-0.655,0.474,3.371","0.854,0.501,-0.143,-0.506,0.863,-0.001,0.123,0.073,0.990"
4o5y,1,4,B,605,AT/TA,A.DA6&B.DT19&&A.DT7&B.DA18,"0.105,-0.594,3.280","0.859,0.512,-0.010,-0.512,0.859,0.017,0.017,-0.009,1.000"
4o5y,1,4,B,606,AT/TA,B.DA18&A.DT7&&B.DT19&A.DA6,"0.247,-0.509,3.286","0.859,0.512,-0.017,-0.512,0.859,-0.009,0.010,0.017,1.000"
4r49,0,10,B,607,CG/GC,A.DC2&B.DG9&&A.DG3&B.DC8,"-1.001,0.727,3.390","0.782,0.619,-0.068,-0.622,0.783,-0.025,0.038,0.063,0.997"
4r49,0,10,B,608,CG/GC,B.DC8&A.DG3&&B.DG9&A.DC2,"0.564,1.105,3.389","0.782,0.622,-0.038,-0.619,0.783,0.063,0.068,-0.026,0.997"
4r49,0,10,B,609,GC/GC,A.DG3&B.DC8&&A.DG4&B.DC7,"0.376,0.723,3.476","0.758,0.652,-0.011,-0.651,0.757,0.054,0.044,-0.034,0.998"
4r49,0,10,B,610,CG/CG,B.DC7&A.DG4&&B.DC8&A.DG3,"-0.719,0.492,3.462","0.758,0.651,-0.044,-0.652,0.757,-0.034,0.011,0.054,0.998"
4r49,0,10,B,611,GC/TA,A.DG4&B.DC7&&A.DT5&B.DA6,"0.419,-0.079,3.043","0.912,0.404,-0.074,-0.404,0.915,0.009,0.072,0.022,0.997"
4r49,0,10,B,612,AT/CG,B.DA6&A.DT5&&B.DC7&A.DG4,"-0.124,-0.214,3.063","0.912,0.404,-0.071,-0.404,0.915,0.021,0.075,0.009,0.997"
4r49,0,10,B,613,TA/AT,A.DT5&B.DA6&&A.DA6&B.DT5,"-0.033,0.353,3.579","0.718,0.695,-0.025,-0.695,0.719,0.020,0.032,0.004,0.999"
4r49,0,10,B,614,TA/AT,B.DT5&A.DA6&&B.DA6&A.DT5,"-0.130,0.347,3.578","0.718,0.695,-0.032,-0.696,0.718,0.004,0.026,0.019,0.999"
4r49,0,10,B,615,AT/CG,A.DA6&B.DT5&&A.DC7&B.DG4,"-0.222,-0.169,3.130","0.902,0.425,-0.074,-0.425,0.905,0.009,0.071,0.024,0.997"
4r49,0,10,B,616,GC/TA,B.DG4&A.DC7&&B.DT5&A.DA6,"0.505,-0.031,3.101","0.902,0.425,-0.071,-0.424,0.905,0.024,0.074,0.009,0.997"
4r49,0,10,B,617,CG/CG,A.DC7&B.DG4&&A.DC8&B.DG3,"-0.758,0.525,3.447","0.758,0.650,-0.041,-0.652,0.758,-0.033,0.009,0.052,0.999"
4r49,0,10,B,618,GC/GC,B.DG3&A.DC8&&B.DG4&A.DC7,"0.374,0.776,3.463","0.759,0.652,-0.009,-0.651,0.758,0.052,0.041,-0.034,0.999"
4r49,0,10,B,619,CG/GC,A.DC8&B.DG3&&A.DG9&B.DC2,"0.508,1.158,3.374","0.779,0.626,-0.038,-0.624,0.779,0.058,0.066,-0.021,0.998"
4r49,0,10,B,620,CG/GC,B.DC2&A.DG9&&B.DG3&A.DC8,"-0.992,0.782,3.374","0.779,0.624,-0.066,-0.626,0.780,-0.021,0.038,0.058,0.998"
5cjy,0,12,B,621,GC/AT,A.DG4&B.DC21&&A.DA5&B.DT20,"-0.034,-0.282,3.415","0.800,0.598,-0.048,-0.598,0.801,-0.013,0.030,0.039,0.999"
5cjy,0,12,B,622,TA/CG,B.DT20&A.DA5&&B.DC21&A.DG4,"0.358,-0.251,3.398","0.801,0.598,-0.030,-0.598,0.801,0.039,0.048,-0.013,0.999"
5cjy,0,12,B,623,AT/AT,A.DA5&B.DT20&&A.DA6&B.DT19,"0.039,-0.340,3.304","0.801,0.599,0.013,-0.598,0.801,-0.026,-0.026,0.014,1.000"
5cjy,0,12,B,624,TA/TA,B.DT19&A.DA6&&B.DT20&A.DA5,"0.131,-0.383,3.297","0.801,0.598,0.026,-0.599,0.801,0.014,-0.013,-0.026,1.000"
5cjy,0,12,B,625,AT/TA,A.DA6&B.DT19&&A.DT7&B.DA18,"0.116,-0.595,3.276","0.837,0.545,0.040,-0.546,0.838,-0.009,-0.038,-0.015,0.999"
5cjy,0,12,B,626,AT/TA,B.DA18&A.DT7&&B.DT19&A.DA6,"0.095,-0.590,3.278","0.837,0.546,0.038,-0.545,0.838,-0.014,-0.041,-0.008,0.999"
5cjy,0,12,B,627,TA/TA,A.DT7&B.DA18&&A.DT8&B.DA17,"0.027,-0.434,3.237","0.815,0.578,0.032,-0.579,0.815,0.014,-0.018,-0.029,0.999"
5cjy,0,12,B,628,AT/AT,B.DA17&A.DT8&&B.DA18&A.DT7,"0.127,-0.325,3.247","0.815,0.579,0.017,-0.578,0.815,-0.030,-0.032,0.014,0.999"
5cjy,0,12,B,629,TA/CG,A.DT8&B.DA17&&A.DC9&B.DG16,"-0.137,-0.324,3.458","0.746,0.665,0.041,-0.666,0.746,-0.018,-0.043,-0.014,0.999"
5cjy,0,12,B,630,GC/AT,B.DG16&A.DC9&&B.DA17&A.DT8,"0.175,-0.212,3.465","0.745,0.665,0.043,-0.665,0.746,-0.014,-0.041,-0.018,0.999"
5dsa,1,6,B,631,CG/GC,A.DC8&B.DG13&&A.DG9&B.DC12,"-0.998,2.462,3.299","0.786,0.616,0.054,-0.617,0.787,-0.004,-0.045,-0.030,0.999"
5dsa,1,6,B,632,CG/GC,B.DC12&A.DG9&&B.DG13&A.DC8,"-0.909,2.539,3.266","0.786,0.617,0.044,-0.616,0.787,-0.029,-0.054,-0.005,0.999"
5dsa,3,6,B,633,CG/GC,A.DC8&B.DG13&&A.DG9&B.DC12,"-0.998,2.462,3.299","0.786,0.616,0.054,-0.617,0.787,-0.004,-0.045,-0.030,0.999"
5dsa,3,6,B,634,CG/GC,B.DC12&A.DG9&&B.DG13&A.DC8,"-0.909,2.539,3.266","0.786,0.617,0.044,-0.616,0.787,-0.029,-0.054,-0.005,0.999"
5dsb,0,6,B,635,CG/GC,A.DC2&B.DG19&&A.DG3&B.DC18,"-0.842,2.467,3.336","0.804,0.590,0.072,-0.589,0.807,-0.027,-0.074,-0.022,0.997"
5dsb,0,6,B,636,CG/GC,B.DC18&A.DG3&&B.DG19&A.DC2,"-1.020,2.400,3.336","0.804,0.590,0.074,-0.590,0.807,-0.021,-0.072,-0.026,0.997"
5dsb,3,6,B,637,CG/GC,A.DC2&B.DG19&&A.DG3&B.DC18,"-0.842,2.467,3.336","0.804,0.590,0.072,-0.589,0.807,-0.027,-0.074,-0.022,0.997"
5dsb,3,6,B,638,CG/GC,B.DC18&A.DG3&&B.DG19&A.DC2,"-1.020,2.400,3.336","0.804,0.590,0.074,-0.590,0.807,-0.021,-0.072,-0.026,0.997"
5ezf,0,12,B,639,GC/CG,A.DG2&B.DC11&&A.DC3&B.DG10,"0.775,0.904,3.464","0.739,0.669,0.082,-0.670,0.742,-0.021,-0.076,-0.040,0.996"
5ezf,0,12,B,640,GC/CG,B.DG10&A.DC3&&B.DC11&A.DG2,"-1.464,0.079,3.357","0.739,0.670,0.075,-0.669,0.742,-0.040,-0.083,-0.021,0.996"
5ezf,0,12,B,641,CG/TA,A.DC3&B.DG10&&A.DT4&B.DA9,"-0.748,0.251,3.019","0.920,0.386,-0.064,-0.383,0.922,0.057,0.081,-0.029,0.996"
5ezf,0,12,B,642,AT/GC,B.DA9&A.DT4&&B.DG10&A.DC3,"0.783,0.692,2.940","0.920,0.383,-0.080,-0.386,0.922,-0.029,0.064,0.058,0.996"
5ezf,0,12,B,643,TA/AT,A.DT4&B.DA9&&A.DA5&B.DT8,"-0.374,1.023,3.494","0.599,0.799,0.044,-0.798,0.601,-0.051,-0.066,-0.004,0.998"
5ezf,0,12,B,644,TA/AT,B.DT8&A.DA5&&B.DA9&A.DT4,"-0.746,0.736,3.507","0.599,0.798,0.067,-0.799,0.601,-0.005,-0.043,-0.051,0.998"
5ezf,0,12,B,645,AT/TA,A.DA5&B.DT8&&A.DT6&B.DA7,"0.184,-0.675,3.188","0.896,0.444,0.023,-0.444,0.895,0.030,-0.007,-0.037,0.999"
5ezf,0,12,B,646,AT/TA,B.DA7&A.DT6&&B.DT8&A.DA5,"0.063,-0.591,3.210","0.896,0.444,0.007,-0.444,0.895,-0.037,-0.023,0.030,0.999"
5ezf,0,12,B,647,TA/AT,A.DT6&B.DA7&&A.DA7&B.DT6,"0.099,0.564,3.424","0.757,0.650,-0.058,-0.650,0.759,0.021,0.056,0.023,0.998"
5ezf,0,12,B,648,TA/AT,B.DT6&A.DA7&&B.DA7&A.DT6,"-0.244,0.433,3.436","0.757,0.651,-0.057,-0.650,0.759,0.022,0.057,0.020,0.998"
5ezf,0,12,B,649,AT/AT,A.DA7&B.DT6&&A.DA8&B.DT5,"-0.029,0.033,3.227","0.815,0.576,-0.054,-0.578,0.816,-0.017,0.035,0.046,0.998"
5ezf,0,12,B,650,TA/TA,B.DT5&A.DA8&&B.DT6&A.DA7,"0.180,-0.012,3.222","0.816,0.578,-0.034,-0.576,0.816,0.046,0.054,-0.017,0.998"
5ezf,0,12,B,651,AT/TA,A.DA8&B.DT5&&A.DT9&B.DA4,"-0.060,-0.603,3.332","0.864,0.500,-0.060,-0.501,0.866,0.004,0.055,0.027,0.998"
5ezf,0,12,B,652,AT/TA,B.DA4&A.DT9&&B.DT5&A.DA8,"0.555,-0.477,3.306","0.864,0.500,-0.055,-0.500,0.866,0.027,0.060,0.004,0.998"
5ezf,0,12,B,653,TA/GC,A.DT9&B.DA4&&A.DG10&B.DC3,"0.270,1.139,3.046","0.858,0.493,-0.147,-0.496,0.868,0.014,0.134,0.061,0.989"
5ezf,0,12,B,654,CG/AT,B.DC3&A.DG10&&B.DA4&A.DT9,"-0.346,0.897,3.118","0.858,0.496,-0.134,-0.493,0.868,0.061,0.147,0.014,0.989"
5ezf,0,12,B,655,GC/CG,A.DG10&B.DC3&&A.DC11&B.DG2,"-1.091,0.214,3.223","0.758,0.651,0.030,-0.650,0.759,-0.037,-0.047,0.008,0.999"
5ezf,0,12,B,656,GC/CG,B.DG2&A.DC11&&B.DC3&A.DG10,"0.591,0.752,3.273","0.758,0.650,0.047,-0.651,0.759,0.009,-0.030,-0.037,0.999"
5vbj,0,6,B,657,CG/GC,A.DC2&B.DG19&&A.DG3&B.DC18,"-1.062,0.803,3.356","0.780,0.623,-0.063,-0.626,0.773,-0.101,-0.015,0.118,0.993"
5vbj,0,6,B,658,CG/GC,B.DC18&A.DG3&&B.DG19&A.DC2,"0.538,0.946,3.442","0.780,0.626,0.015,-0.623,0.773,0.119,0.063,-0.101,0.993"
5vbj,3,6,B,659,CG/GC,A.DC2&B.DG19&&A.DG3&B.DC18,"-1.062,0.803,3.356","0.780,0.623,-0.063,-0.626,0.773,-0.101,-0.015,0.118,0.993"
5vbj,3,6,B,660,CG/GC,B.DC18&A.DG3&&B.DG19&A.DC2,"0.538,0.946,3.442","0.780,0.626,0.015,-0.623,0.773,0.119,0.063,-0.101,0.993"
5w20,0,10,B,661,CG/AT,A.DC2&B.DG9&&A.DA3&B.DT8,"-1.277,2.879,3.202","0.672,0.737,0.077,-0.732,0.676,-0.080,-0.111,-0.003,0.994"
5w20,0,10,B,662,TA/GC,B.DT8&A.DA3&&B.DG9&A.DC2,"-1.510,2.626,3.316","0.672,0.732,0.111,-0.737,0.676,-0.003,-0.077,-0.080,0.994"
5w20,0,10,B,663,TA/GC,A.DT8&B.DA3&&A.DG9&B.DC2,"-1.852,2.739,3.225","0.650,0.754,0.092,-0.755,0.655,-0.036,-0.088,-0.046,0.995"
5w20,0,10,B,664,CG/AT,B.DC2&A.DG9&&B.DA3&A.DT8,"-1.159,3.076,3.245","0.650,0.755,0.088,-0.754,0.655,-0.046,-0.092,-0.036,0.995"
5xuv,0,5,B,665,GC/CG,A.DG2&B.DC23&&A.DC3&B.DG22,"0.713,-0.150,3.416","0.819,0.573,-0.035,-0.574,0.819,0.000,0.028,0.020,0.999"
5xuv,0,5,B,666,GC/CG,B.DG22&A.DC3&&B.DC23&A.DG2,"-0.380,-0.532,3.431","0.818,0.574,-0.028,-0.573,0.819,0.020,0.035,0.000,0.999"
5xuv,0,5,B,667,CG/GC,A.DC3&B.DG22&&A.DG4&B.DC21,"-0.193,0.602,3.228","0.849,0.499,-0.173,-0.487,0.867,0.109,0.204,-0.009,0.979"
5xuv,0,5,B,668,CG/GC,B.DC21&A.DG4&&B.DG22&A.DC3,"0.421,0.968,3.115","0.849,0.487,-0.204,-0.499,0.867,-0.009,0.173,0.109,0.979"
5xuv,1,5,B,669,CG/GC,A.DC9&B.DG16&&A.DG10&B.DC15,"0.605,1.045,3.124","0.862,0.503,-0.065,-0.504,0.864,0.002,0.057,0.030,0.998"
5xuv,1,5,B,670,CG/GC,B.DC15&A.DG10&&B.DG16&A.DC9,"-0.845,0.606,3.184","0.862,0.504,-0.057,-0.503,0.864,0.030,0.065,0.003,0.998"
5xuv,1,5,B,671,GC/CG,A.DG10&B.DC15&&A.DC11&B.DG14,"-1.734,0.036,3.290","0.740,0.668,0.078,-0.664,0.744,-0.075,-0.108,0.004,0.994"
5xuv,1,5,B,672,GC/CG,B.DG14&A.DC11&&B.DC15&A.DG10,"1.001,0.932,3.459","0.740,0.664,0.109,-0.668,0.744,0.003,-0.078,-0.075,0.994"
5zat,0,10,B,673,CG/AT,A.DC2&B.DG9&&A.DA3&B.DT8,"-1.561,1.934,3.312","0.855,0.513,-0.077,-0.517,0.855,-0.041,0.046,0.076,0.996"
5zat,0,10,B,674,TA/GC,B.DT8&A.DA3&&B.DG9&A.DC2,"0.600,2.323,3.374","0.855,0.517,-0.045,-0.513,0.855,0.075,0.078,-0.042,0.996"
5zat,0,10,B,675,AT/GC,A.DA3&B.DT8&&A.DG4&B.DC7,"-1.151,2.085,3.187","0.655,0.750,0.095,-0.739,0.661,-0.128,-0.159,0.014,0.987"
5zat,0,10,B,676,CG/TA,B.DC7&A.DG4&&B.DT8&A.DA3,"-1.115,1.820,3.357","0.655,0.739,0.159,-0.750,0.661,0.014,-0.096,-0.129,0.987"
5zat,0,10,B,677,CG/TA,A.DC7&B.DG4&&A.DT8&B.DA3,"-0.294,-0.108,3.411","0.814,0.576,-0.074,-0.573,0.817,0.061,0.095,-0.007,0.995"
5zat,0,10,B,678,AT/GC,B.DA3&A.DT8&&B.DG4&A.DC7,"0.552,0.288,3.368","0.814,0.573,-0.096,-0.576,0.817,-0.007,0.073,0.061,0.995"
5zat,0,10,B,679,TA/GC,A.DT8&B.DA3&&A.DG9&B.DC2,"-1.989,2.759,3.322","0.613,0.778,0.138,-0.775,0.626,-0.091,-0.157,-0.051,0.986"
5zat,0,10,B,680,CG/AT,B.DC2&A.DG9&&B.DA3&A.DT8,"-1.387,2.966,3.447","0.613,0.775,0.157,-0.778,0.626,-0.051,-0.138,-0.091,0.986"
