pdbid,stem_idx,stem_len,sform,step_idx,step_name,step_id,step_form,origin,M_axis
158d,0,10,B,1,CG/AT,1:A.DC2&1:B.DG19&&1:A.DA3&1:B.DT18,.,"-0.991,2.376,3.229","0.658,0.749,0.079,-0.747,0.662,-0.065,-0.101,-0.016,0.995"
158d,0,10,B,2,TA/GC,1:B.DT18&1:A.DA3&&1:B.DG19&1:A.DC2,.,"-1.385,2.103,3.274","0.657,0.747,0.101,-0.750,0.662,-0.016,-0.079,-0.065,0.995"
158d,0,10,B,3,AT/AT,1:A.DA3&1:B.DT18&&1:A.DA4&1:B.DT17,B,"0.689,1.009,3.095","0.907,0.389,-0.160,-0.390,0.920,0.028,0.158,0.037,0.987"
158d,0,10,B,4,TA/TA,1:B.DT17&1:A.DA4&&1:B.DT18&1:A.DA3,B,"-0.523,0.748,3.200","0.907,0.390,-0.158,-0.389,0.921,0.037,0.160,0.028,0.987"
158d,0,10,B,5,AT/GC,1:A.DA4&1:B.DT17&&1:A.DG5&1:B.DC16,B,"0.023,-0.039,3.299","0.795,0.606,-0.007,-0.606,0.793,-0.063,-0.032,0.055,0.998"
158d,0,10,B,6,CG/TA,1:B.DC16&1:A.DG5&&1:B.DT17&1:A.DA4,B,"0.031,-0.253,3.290","0.795,0.606,0.032,-0.606,0.793,0.055,0.008,-0.063,0.998"
158d,0,10,B,7,GC/CG,1:A.DG5&1:B.DC16&&1:A.DC6&1:B.DG15,B,"0.549,-1.206,3.686","0.777,0.629,-0.025,-0.626,0.776,0.076,0.067,-0.043,0.997"
158d,0,10,B,8,GC/CG,1:B.DG15&1:A.DC6&&1:B.DC16&1:A.DG5,B,"0.423,-1.001,3.763","0.777,0.626,-0.067,-0.629,0.776,-0.043,0.025,0.076,0.997"
158d,0,10,B,9,CG/TA,1:A.DC6&1:B.DG15&&1:A.DT7&1:B.DA14,B,"0.222,-0.207,3.423","0.822,0.569,-0.016,-0.569,0.822,0.034,0.032,-0.018,0.999"
158d,0,10,B,10,AT/GC,1:B.DA14&1:A.DT7&&1:B.DG15&1:A.DC6,B,"-0.009,-0.181,3.432","0.822,0.569,-0.033,-0.570,0.822,-0.018,0.016,0.034,0.999"
158d,0,10,B,11,TA/TA,1:A.DT7&1:B.DA14&&1:A.DT8&1:B.DA13,B,"-0.208,0.551,3.275","0.871,0.453,-0.190,-0.455,0.890,0.037,0.185,0.054,0.981"
158d,0,10,B,12,AT/AT,1:B.DA13&1:A.DT8&&1:B.DA14&1:A.DT7,B,"0.553,0.705,3.204","0.871,0.455,-0.185,-0.453,0.890,0.055,0.190,0.037,0.981"
158d,0,10,B,13,TA/GC,1:A.DT8&1:B.DA13&&1:A.DG9&1:B.DC12,.,"-1.429,2.070,3.165","0.672,0.732,0.115,-0.737,0.676,-0.006,-0.081,-0.081,0.993"
158d,0,10,B,14,CG/AT,1:B.DC12&1:A.DG9&&1:B.DA13&1:A.DT8,.,"-0.917,2.435,3.094","0.672,0.736,0.081,-0.732,0.677,-0.081,-0.114,-0.005,0.993"
196d,0,10,B,15,TA/CG,1:A.DT2&1:B.DA19&&1:A.DC3&1:B.DG18,B,"-0.200,-0.308,3.557","0.766,0.637,-0.082,-0.639,0.769,0.001,0.064,0.051,0.997"
196d,0,10,B,16,GC/AT,1:B.DG18&1:A.DC3&&1:B.DA19&1:A.DT2,B,"0.642,-0.104,3.516","0.767,0.639,-0.064,-0.637,0.769,0.051,0.082,0.002,0.997"
196d,0,10,B,17,CG/TA,1:A.DC3&1:B.DG18&&1:A.DT4&1:B.DA17,B,"-0.115,0.138,3.163","0.883,0.467,-0.050,-0.464,0.884,0.056,0.070,-0.026,0.997"
196d,0,10,B,18,AT/GC,1:B.DA17&1:A.DT4&&1:B.DG18&1:A.DC3,B,"0.194,0.351,3.142","0.883,0.464,-0.070,-0.467,0.884,-0.026,0.050,0.056,0.997"
196d,0,10,B,19,TA/CG,1:A.DT4&1:B.DA17&&1:A.DC5&1:B.DG16,B,"0.480,1.734,3.398","0.763,0.646,-0.030,-0.645,0.764,0.013,0.032,0.010,0.999"
196d,0,10,B,20,GC/AT,1:B.DG16&1:A.DC5&&1:B.DA17&1:A.DT4,B,"-1.383,1.059,3.428","0.763,0.646,-0.032,-0.646,0.763,0.010,0.030,0.013,0.999"
196d,0,10,B,21,CG/GC,1:A.DC5&1:B.DG16&&1:A.DG6&1:B.DC15,B,"-1.400,0.649,3.447","0.832,0.554,-0.027,-0.555,0.830,-0.047,-0.004,0.054,0.999"
196d,0,10,B,22,CG/GC,1:B.DC15&1:A.DG6&&1:B.DG16&1:A.DC5,B,"0.898,1.154,3.483","0.832,0.555,0.003,-0.555,0.830,0.054,0.027,-0.047,0.999"
196d,0,10,B,23,GC/AT,1:A.DG6&1:B.DC15&&1:A.DA7&1:B.DT14,B,"0.142,0.499,3.255","0.740,0.671,-0.055,-0.670,0.742,0.039,0.067,0.008,0.998"
196d,0,10,B,24,TA/CG,1:B.DT14&1:A.DA7&&1:B.DC15&1:A.DG6,B,"-0.260,0.402,3.261","0.740,0.670,-0.067,-0.671,0.742,0.008,0.055,0.039,0.998"
196d,0,10,B,25,AT/GC,1:A.DA7&1:B.DT14&&1:A.DG8&1:B.DC13,B,"0.237,0.362,2.974","0.879,0.466,-0.106,-0.472,0.881,-0.041,0.074,0.086,0.994"
196d,0,10,B,26,CG/TA,1:B.DC13&1:A.DG8&&1:B.DT14&1:A.DA7,B,"-0.062,0.085,3.003","0.879,0.472,-0.075,-0.466,0.881,0.086,0.106,-0.041,0.994"
196d,0,10,B,27,GC/AT,1:A.DG8&1:B.DC13&&1:A.DA9&1:B.DT12,B,"-0.076,-0.434,3.478","0.788,0.614,0.038,-0.615,0.788,0.017,-0.020,-0.036,0.999"
196d,0,10,B,28,TA/CG,1:B.DT12&1:A.DA9&&1:B.DC13&1:A.DG8,B,"0.194,-0.238,3.492","0.788,0.615,0.020,-0.614,0.788,-0.036,-0.038,0.016,0.999"
1d23,0,10,B,29,GC/AT,1:A.DG2&1:B.DC19&&1:A.DA3&1:B.DT18,B,"0.300,-0.316,3.664","0.737,0.675,0.022,-0.676,0.737,0.001,-0.015,-0.016,1.000"
1d23,0,10,B,30,TA/CG,1:B.DT18&1:A.DA3&&1:B.DC19&1:A.DG2,B,"-0.088,-0.429,3.664","0.737,0.676,0.015,-0.675,0.737,-0.016,-0.022,0.002,1.000"
1d23,0,10,B,31,AT/TA,1:A.DA3&1:B.DT18&&1:A.DT4&1:B.DA17,B,"0.513,-0.443,3.143","0.838,0.546,-0.016,-0.545,0.837,-0.046,-0.011,0.046,0.999"
1d23,0,10,B,32,AT/TA,1:B.DA17&1:A.DT4&&1:B.DT18&1:A.DA3,B,"-0.139,-0.793,3.113","0.838,0.546,0.011,-0.545,0.837,0.046,0.016,-0.046,0.999"
1d23,0,10,B,33,TA/CG,1:A.DT4&1:B.DA17&&1:A.DC5&1:B.DG16,B,"-0.083,-0.224,3.337","0.761,0.643,0.088,-0.646,0.763,0.016,-0.056,-0.069,0.996"
1d23,0,10,B,34,GC/AT,1:B.DG16&1:A.DC5&&1:B.DA17&1:A.DT4,B,"-0.086,-0.063,3.344","0.761,0.646,0.057,-0.643,0.762,-0.069,-0.088,0.016,0.996"
1d23,0,10,B,35,CG/GC,1:A.DC5&1:B.DG16&&1:A.DG6&1:B.DC15,B,"-0.018,0.537,3.347","0.871,0.457,-0.182,-0.454,0.889,0.059,0.189,0.031,0.982"
1d23,0,10,B,36,CG/GC,1:B.DC15&1:A.DG6&&1:B.DG16&1:A.DC5,B,"0.378,0.683,3.298","0.871,0.454,-0.189,-0.457,0.889,0.031,0.182,0.059,0.982"
1d23,0,10,B,37,GC/AT,1:A.DG6&1:B.DC15&&1:A.DA7&1:B.DT14,B,"-0.713,0.432,3.306","0.767,0.642,0.007,-0.640,0.765,-0.071,-0.051,0.051,0.997"
1d23,0,10,B,38,TA/CG,1:B.DT14&1:A.DA7&&1:B.DC15&1:A.DG6,B,"0.248,0.551,3.356","0.766,0.640,0.051,-0.642,0.765,0.050,-0.006,-0.072,0.997"
1d23,0,10,B,39,AT/TA,1:A.DA7&1:B.DT14&&1:A.DT8&1:B.DA13,B,"-0.036,-0.411,3.192","0.834,0.548,0.065,-0.548,0.836,-0.021,-0.066,-0.018,0.998"
1d23,0,10,B,40,AT/TA,1:B.DA13&1:A.DT8&&1:B.DT14&1:A.DA7,B,"0.048,-0.392,3.194","0.834,0.548,0.066,-0.548,0.836,-0.018,-0.065,-0.021,0.998"
1d23,0,10,B,41,TA/CG,1:A.DT8&1:B.DA13&&1:A.DC9&1:B.DG12,B,"-0.210,-0.096,3.523","0.718,0.695,0.046,-0.696,0.718,-0.010,-0.041,-0.026,0.999"
1d23,0,10,B,42,GC/AT,1:B.DG12&1:A.DC9&&1:B.DA13&1:A.DT8,B,"0.052,0.042,3.530","0.718,0.695,0.041,-0.695,0.718,-0.026,-0.046,-0.010,0.999"
1d3r,0,8,B,43,CG/CG,1:A.DC6&1:B.DG19&&1:A.DC7&1:B.DG18,B,"-0.165,0.026,3.223","0.875,0.475,-0.091,-0.473,0.880,0.044,0.101,0.004,0.995"
1d3r,0,8,B,44,GC/GC,1:B.DG18&1:A.DC7&&1:B.DG19&1:A.DC6,B,"0.425,0.243,3.190","0.875,0.473,-0.101,-0.475,0.880,0.005,0.090,0.044,0.995"
1d3r,0,8,B,45,CG/GC,1:A.DC7&1:B.DG18&&1:A.DG8&1:B.DC17,B,"0.086,1.224,3.479","0.806,0.576,-0.138,-0.577,0.816,0.038,0.134,0.049,0.990"
1d3r,0,8,B,46,CG/GC,1:B.DC17&1:A.DG8&&1:B.DG18&1:A.DC7,B,"-0.295,1.082,3.515","0.806,0.577,-0.134,-0.576,0.816,0.049,0.138,0.038,0.990"
1d3r,0,8,B,47,GC/CG,1:A.DG8&1:B.DC17&&1:A.DC9&1:B.DG16,B,"-0.605,-0.085,3.159","0.825,0.556,-0.103,-0.562,0.826,-0.048,0.058,0.098,0.994"
1d3r,0,8,B,48,GC/CG,1:B.DG16&1:A.DC9&&1:B.DC17&1:A.DG8,B,"0.871,0.117,3.095","0.825,0.562,-0.058,-0.555,0.826,0.098,0.103,-0.048,0.994"
1d3r,0,8,B,49,CG/GC,1:A.DC9&1:B.DG16&&1:A.DG10&1:B.DC15,B,"0.502,0.993,3.195","0.858,0.506,-0.093,-0.508,0.862,0.005,0.083,0.044,0.996"
1d3r,0,8,B,50,CG/GC,1:B.DC15&1:A.DG10&&1:B.DG16&1:A.DC9,B,"-0.636,0.615,3.266","0.858,0.507,-0.083,-0.506,0.861,0.044,0.093,0.005,0.996"
1d3r,1,8,B,51,CG/CG,1:C.DC36&1:D.DG49&&1:C.DC37&1:D.DG48,B,"-0.109,-0.278,3.567","0.846,0.507,-0.163,-0.516,0.856,-0.016,0.131,0.097,0.987"
1d3r,1,8,B,52,GC/GC,1:D.DG48&1:C.DC37&&1:D.DG49&1:C.DC36,B,"0.813,-0.237,3.477","0.846,0.516,-0.131,-0.507,0.856,0.097,0.163,-0.015,0.987"
1d3r,1,8,B,53,CG/GC,1:C.DC37&1:D.DG48&&1:C.DG38&1:D.DC47,B,"0.602,0.864,3.172","0.848,0.510,-0.144,-0.510,0.859,0.038,0.143,0.043,0.989"
1d3r,1,8,B,54,CG/GC,1:D.DC47&1:C.DG38&&1:D.DG48&1:C.DC37,B,"-0.492,0.553,3.260","0.848,0.511,-0.143,-0.510,0.859,0.042,0.145,0.037,0.989"
1d3r,1,8,B,55,GC/CG,1:C.DG38&1:D.DC47&&1:C.DC39&1:D.DG46,B,"-1.779,0.953,3.335","0.780,0.625,-0.044,-0.626,0.777,-0.061,-0.005,0.075,0.997"
1d3r,1,8,B,56,GC/CG,1:D.DG46&1:C.DC39&&1:D.DC47&1:C.DG38,B,"0.937,1.650,3.405","0.780,0.626,0.004,-0.625,0.777,0.076,0.043,-0.061,0.997"
1d3r,1,8,B,57,CG/GC,1:C.DC39&1:D.DG46&&1:C.DG40&1:D.DC45,B,"0.629,1.180,3.227","0.879,0.473,-0.067,-0.474,0.880,0.006,0.062,0.026,0.998"
1d3r,1,8,B,58,CG/GC,1:D.DC45&1:C.DG40&&1:D.DG46&1:C.DC39,B,"-0.893,0.761,3.290","0.878,0.474,-0.062,-0.473,0.881,0.026,0.068,0.007,0.998"
1d49,0,10,B,59,GC/AT,1:A.DG2&1:B.DC19&&1:A.DA3&1:B.DT18,B,"0.483,-0.449,3.527","0.745,0.666,0.029,-0.666,0.744,0.055,0.015,-0.060,0.998"
1d49,0,10,B,60,TA/CG,1:B.DT18&1:A.DA3&&1:B.DC19&1:A.DG2,B,"-0.163,-0.463,3.555","0.745,0.667,-0.015,-0.666,0.744,-0.060,-0.029,0.054,0.998"
1d49,0,10,B,61,AT/TA,1:A.DA3&1:B.DT18&&1:A.DT4&1:B.DA17,B,"0.564,-0.476,3.228","0.829,0.559,-0.033,-0.560,0.827,-0.051,-0.001,0.061,0.998"
1d49,0,10,B,62,AT/TA,1:B.DA17&1:A.DT4&&1:B.DT18&1:A.DA3,B,"-0.094,-0.874,3.193","0.829,0.559,0.001,-0.559,0.827,0.061,0.033,-0.051,0.998"
1d49,0,10,B,63,TA/TA,1:A.DT4&1:B.DA17&&1:A.DT5&1:B.DA16,B,"0.136,-0.258,3.277","0.815,0.574,0.076,-0.576,0.817,0.015,-0.054,-0.057,0.997"
1d49,0,10,B,64,AT/AT,1:B.DA16&1:A.DT5&&1:B.DA17&1:A.DT4,B,"-0.214,-0.240,3.275","0.816,0.576,0.054,-0.574,0.817,-0.056,-0.077,0.015,0.997"
1d49,0,10,B,65,TA/AT,1:A.DT5&1:B.DA16&&1:A.DA6&1:B.DT15,B,"-0.055,0.760,3.109","0.819,0.562,-0.118,-0.557,0.827,0.074,0.140,0.005,0.990"
1d49,0,10,B,66,TA/AT,1:B.DT15&1:A.DA6&&1:B.DA16&1:A.DT5,B,"-0.015,0.891,3.075","0.819,0.557,-0.140,-0.562,0.827,0.005,0.118,0.075,0.990"
1d49,0,10,B,67,AT/AT,1:A.DA6&1:B.DT15&&1:A.DA7&1:B.DT14,B,"-1.054,0.284,3.439","0.784,0.619,0.044,-0.614,0.784,-0.087,-0.088,0.041,0.995"
1d49,0,10,B,68,TA/TA,1:B.DT14&1:A.DA7&&1:B.DT15&1:A.DA6,B,"0.499,0.572,3.528","0.784,0.614,0.088,-0.619,0.784,0.041,-0.044,-0.087,0.995"
1d49,0,10,B,69,AT/TA,1:A.DA7&1:B.DT14&&1:A.DT8&1:B.DA13,B,"0.373,-0.421,3.197","0.828,0.557,0.065,-0.559,0.829,0.021,-0.041,-0.054,0.998"
1d49,0,10,B,70,AT/TA,1:B.DA13&1:A.DT8&&1:B.DT14&1:A.DA7,B,"-0.282,-0.489,3.197","0.828,0.559,0.042,-0.557,0.829,-0.054,-0.065,0.021,0.998"
1d49,0,10,B,71,TA/CG,1:A.DT8&1:B.DA13&&1:A.DC9&1:B.DG12,B,"-0.160,0.040,3.425","0.743,0.669,0.012,-0.670,0.743,-0.009,-0.016,-0.000,1.000"
1d49,0,10,B,72,GC/AT,1:B.DG12&1:A.DC9&&1:B.DA13&1:A.DT8,B,"0.051,0.104,3.427","0.743,0.670,0.015,-0.669,0.743,-0.001,-0.012,-0.010,1.000"
1d56,0,10,B,73,GC/AT,1:A.DG2&1:B.DC19&&1:A.DA3&1:B.DT18,B,"0.164,-0.145,3.667","0.734,0.674,0.080,-0.677,0.736,0.010,-0.052,-0.061,0.997"
1d56,0,10,B,74,TA/CG,1:B.DT18&1:A.DA3&&1:B.DC19&1:A.DG2,B,"-0.316,-0.181,3.655","0.734,0.677,0.052,-0.674,0.736,-0.062,-0.080,0.010,0.997"
1d56,0,10,B,75,AT/TA,1:A.DA3&1:B.DT18&&1:A.DT4&1:B.DA17,.,"0.889,-0.326,3.010","0.864,0.500,-0.052,-0.501,0.865,-0.000,0.044,0.026,0.999"
1d56,0,10,B,76,AT/TA,1:B.DA17&1:A.DT4&&1:B.DT18&1:A.DA3,.,"-0.450,-0.729,3.038","0.864,0.501,-0.045,-0.500,0.865,0.026,0.051,-0.000,0.999"
1d56,0,10,B,77,TA/AT,1:A.DT4&1:B.DA17&&1:A.DA5&1:B.DT16,B,"-0.054,0.116,3.647","0.739,0.673,-0.016,-0.673,0.739,-0.028,-0.007,0.032,0.999"
1d56,0,10,B,78,TA/AT,1:B.DT16&1:A.DA5&&1:B.DA17&1:A.DT4,B,"0.021,0.020,3.649","0.739,0.673,0.007,-0.673,0.739,0.032,0.016,-0.028,0.999"
1d56,0,10,B,79,AT/TA,1:A.DA5&1:B.DT16&&1:A.DT6&1:B.DA15,B,"-0.076,-0.286,3.259","0.918,0.384,-0.102,-0.378,0.923,0.075,0.123,-0.031,0.992"
1d56,0,10,B,80,AT/TA,1:B.DA15&1:A.DT6&&1:B.DT16&1:A.DA5,B,"0.511,0.010,3.232","0.918,0.378,-0.123,-0.384,0.923,-0.030,0.102,0.076,0.992"
1d56,0,10,B,81,TA/AT,1:A.DT6&1:B.DA15&&1:A.DA7&1:B.DT14,B,"-1.222,0.875,3.351","0.693,0.720,0.038,-0.716,0.693,-0.086,-0.089,0.032,0.995"
1d56,0,10,B,82,TA/AT,1:B.DT14&1:A.DA7&&1:B.DA15&1:A.DT6,B,"0.086,1.192,3.473","0.693,0.716,0.089,-0.720,0.693,0.032,-0.039,-0.086,0.996"
1d56,0,10,B,83,AT/TA,1:A.DA7&1:B.DT14&&1:A.DT8&1:B.DA13,B,"0.479,-0.327,3.227","0.850,0.521,0.072,-0.525,0.850,0.039,-0.041,-0.072,0.997"
1d56,0,10,B,84,AT/TA,1:B.DA13&1:A.DT8&&1:B.DT14&1:A.DA7,B,"-0.470,-0.402,3.219","0.850,0.525,0.041,-0.522,0.850,-0.071,-0.072,0.040,0.997"
1d56,0,10,B,85,TA/CG,1:A.DT8&1:B.DA13&&1:A.DC9&1:B.DG12,B,"-0.035,-0.043,3.555","0.756,0.654,-0.035,-0.655,0.755,-0.032,0.005,0.047,0.999"
1d56,0,10,B,86,GC/AT,1:B.DG12&1:A.DC9&&1:B.DA13&1:A.DT8,B,"0.179,-0.125,3.549","0.756,0.655,-0.005,-0.654,0.755,0.047,0.035,-0.032,0.999"
1d61,0,10,B,87,CG/AT,1:A.DC2&2:A.DG9&&1:A.DA3&2:A.DT8,.,"-1.209,2.587,3.197","0.631,0.762,0.144,-0.757,0.646,-0.099,-0.169,-0.046,0.985"
1d61,0,10,B,88,TA/GC,2:A.DT8&1:A.DA3&&2:A.DG9&1:A.DC2,.,"-1.667,2.268,3.232","0.632,0.757,0.169,-0.762,0.646,-0.046,-0.144,-0.099,0.985"
1d61,0,10,B,89,AT/AT,1:A.DA3&2:A.DT8&&1:A.DA4&2:A.DT7,B,"0.640,0.315,3.361","0.868,0.462,-0.181,-0.466,0.885,0.021,0.170,0.066,0.983"
1d61,0,10,B,90,TA/TA,2:A.DT7&1:A.DA4&&2:A.DT8&1:A.DA3,B,"-0.093,0.050,3.434","0.868,0.466,-0.170,-0.462,0.884,0.066,0.181,0.021,0.983"
1d61,0,10,B,91,TA/TA,1:A.DT7&2:A.DA4&&1:A.DT8&2:A.DA3,B,"-0.093,0.050,3.434","0.868,0.466,-0.170,-0.462,0.884,0.066,0.181,0.021,0.983"
1d61,0,10,B,92,AT/AT,2:A.DA3&1:A.DT8&&2:A.DA4&1:A.DT7,B,"0.640,0.315,3.361","0.868,0.462,-0.181,-0.466,0.885,0.021,0.170,0.066,0.983"
1d61,0,10,B,93,TA/GC,1:A.DT8&2:A.DA3&&1:A.DG9&2:A.DC2,.,"-1.667,2.268,3.232","0.632,0.757,0.169,-0.762,0.646,-0.046,-0.144,-0.099,0.985"
1d61,0,10,B,94,CG/AT,2:A.DC2&1:A.DG9&&2:A.DA3&1:A.DT8,.,"-1.209,2.587,3.197","0.631,0.762,0.144,-0.757,0.646,-0.099,-0.169,-0.046,0.985"
1d8g,0,10,B,95,CG/AT,1:A.DC2&2:A.DG9&&1:A.DA3&2:A.DT8,.,"-1.233,2.633,3.265","0.629,0.769,0.115,-0.766,0.638,-0.080,-0.135,-0.038,0.990"
1d8g,0,10,B,96,TA/GC,2:A.DT8&1:A.DA3&&2:A.DG9&1:A.DC2,.,"-1.625,2.362,3.301","0.629,0.765,0.135,-0.769,0.638,-0.037,-0.115,-0.080,0.990"
1d8g,0,10,B,97,AT/GC,1:A.DA3&2:A.DT8&&1:A.DG4&2:A.DC7,B,"0.658,1.044,3.008","0.919,0.350,-0.181,-0.362,0.931,-0.035,0.156,0.098,0.983"
1d8g,0,10,B,98,CG/TA,2:A.DC7&1:A.DG4&&2:A.DT8&1:A.DA3,B,"-0.427,0.628,3.161","0.919,0.362,-0.156,-0.351,0.931,0.098,0.181,-0.035,0.983"
1d8g,0,10,B,99,GC/TA,1:A.DG4&2:A.DC7&&1:A.DT5&2:A.DA6,B,"-0.779,-0.019,3.288","0.811,0.584,0.025,-0.585,0.810,0.032,-0.000,-0.040,0.999"
1d8g,0,10,B,100,AT/CG,2:A.DA6&1:A.DT5&&2:A.DC7&1:A.DG4,B,"0.563,0.547,3.286","0.811,0.585,0.001,-0.584,0.810,-0.041,-0.024,0.033,0.999"
1d8g,0,10,B,101,TA/AT,1:A.DT5&2:A.DA6&&1:A.DA6&2:A.DT5,B,"0.138,-0.053,3.662","0.662,0.748,-0.052,-0.748,0.664,0.023,0.051,0.023,0.998"
1d8g,0,10,B,102,TA/AT,2:A.DT5&1:A.DA6&&2:A.DA6&1:A.DT5,B,"0.138,-0.053,3.662","0.662,0.748,-0.052,-0.748,0.664,0.023,0.051,0.023,0.998"
1d8g,0,10,B,103,AT/CG,1:A.DA6&2:A.DT5&&1:A.DC7&2:A.DG4,B,"0.563,0.547,3.286","0.811,0.585,0.001,-0.584,0.810,-0.041,-0.024,0.033,0.999"
1d8g,0,10,B,104,GC/TA,2:A.DG4&1:A.DC7&&2:A.DT5&1:A.DA6,B,"-0.779,-0.019,3.288","0.811,0.584,0.025,-0.585,0.810,0.032,-0.000,-0.040,0.999"
1d8g,0,10,B,105,CG/TA,1:A.DC7&2:A.DG4&&1:A.DT8&2:A.DA3,B,"-0.427,0.628,3.161","0.919,0.362,-0.156,-0.351,0.931,0.098,0.181,-0.035,0.983"
1d8g,0,10,B,106,AT/GC,2:A.DA3&1:A.DT8&&2:A.DG4&1:A.DC7,B,"0.658,1.044,3.008","0.919,0.350,-0.181,-0.362,0.931,-0.035,0.156,0.098,0.983"
1d8g,0,10,B,107,TA/GC,1:A.DT8&2:A.DA3&&1:A.DG9&2:A.DC2,.,"-1.625,2.362,3.301","0.629,0.765,0.135,-0.769,0.638,-0.037,-0.115,-0.080,0.990"
1d8g,0,10,B,108,CG/AT,2:A.DC2&1:A.DG9&&2:A.DA3&1:A.DT8,.,"-1.233,2.633,3.265","0.629,0.769,0.115,-0.766,0.638,-0.080,-0.135,-0.038,0.990"
1dpn,0,12,B,109,GC/CG,1:A.DG2&1:B.DC23&&1:A.DC3&1:B.DG22,B,"0.466,0.771,3.410","0.746,0.664,0.040,-0.665,0.747,-0.007,-0.035,-0.021,0.999"
1dpn,0,12,B,110,GC/CG,1:B.DG22&1:A.DC3&&1:B.DC23&1:A.DG2,B,"-0.996,0.242,3.374","0.746,0.665,0.035,-0.665,0.747,-0.021,-0.040,-0.007,0.999"
1dpn,0,12,B,111,CG/GC,1:A.DC3&1:B.DG22&&1:A.DG4&1:B.DC21,B,"-0.235,0.567,3.132","0.885,0.433,-0.170,-0.424,0.902,0.083,0.189,-0.001,0.982"
1dpn,0,12,B,112,CG/GC,1:B.DC21&1:A.DG4&&1:B.DG22&1:A.DC3,B,"0.495,0.871,3.031","0.886,0.424,-0.189,-0.432,0.902,-0.001,0.169,0.083,0.982"
1dpn,0,12,B,113,GC/AT,1:A.DG4&1:B.DC21&&1:A.DA5&1:B.DT20,B,"0.126,-0.033,3.412","0.757,0.651,-0.059,-0.651,0.759,0.027,0.063,0.018,0.998"
1dpn,0,12,B,114,TA/CG,1:B.DT20&1:A.DA5&&1:B.DC21&1:A.DG4,B,"0.127,-0.014,3.412","0.757,0.651,-0.062,-0.652,0.758,0.018,0.059,0.027,0.998"
1dpn,0,12,B,115,TA/CG,1:A.DT8&1:B.DA17&&1:A.DC9&1:B.DG16,B,"-0.124,-0.189,3.519","0.724,0.689,0.011,-0.689,0.725,-0.024,-0.024,0.009,1.000"
1dpn,0,12,B,116,GC/AT,1:B.DG16&1:A.DC9&&1:B.DA17&1:A.DT8,B,"0.181,-0.134,3.519","0.725,0.689,0.024,-0.689,0.724,0.009,-0.011,-0.023,1.000"
1dpn,0,12,B,117,CG/GC,1:A.DC9&1:B.DG16&&1:A.DG10&1:B.DC15,B,"0.479,0.945,2.962","0.887,0.461,-0.030,-0.462,0.885,-0.062,-0.002,0.069,0.998"
1dpn,0,12,B,118,CG/GC,1:B.DC15&1:A.DG10&&1:B.DG16&1:A.DC9,B,"-0.770,0.431,3.019","0.887,0.461,0.002,-0.461,0.885,0.069,0.030,-0.062,0.998"
1dpn,0,12,B,119,GC/CG,1:A.DG10&1:B.DC15&&1:A.DC11&1:B.DG14,B,"-1.660,-0.021,3.265","0.712,0.684,0.158,-0.681,0.728,-0.079,-0.170,-0.051,0.984"
1dpn,0,12,B,120,GC/CG,1:B.DG14&1:A.DC11&&1:B.DC15&1:A.DG10,B,"0.682,0.856,3.496","0.712,0.681,0.169,-0.684,0.728,-0.051,-0.158,-0.080,0.984"
1en3,0,10,B,121,CG/AT,1:A.DC2&2:A.DG9&&1:A.DA3&2:A.DT8,.,"-1.046,2.511,3.212","0.634,0.764,0.123,-0.767,0.641,-0.034,-0.105,-0.072,0.992"
1en3,0,10,B,122,TA/GC,2:A.DT8&1:A.DA3&&2:A.DG9&1:A.DC2,.,"-1.650,2.302,3.114","0.634,0.766,0.105,-0.764,0.641,-0.073,-0.123,-0.035,0.992"
1en3,0,10,B,123,AT/AT,1:A.DA3&2:A.DT8&&1:A.DA4&2:A.DT7,B,"0.533,0.576,3.182","0.863,0.486,-0.141,-0.491,0.871,-0.001,0.122,0.069,0.990"
1en3,0,10,B,124,TA/TA,2:A.DT7&1:A.DA4&&2:A.DT8&1:A.DA3,B,"-0.293,0.238,3.256","0.863,0.491,-0.122,-0.486,0.871,0.070,0.140,-0.001,0.990"
1en3,0,10,B,125,AT/CG,1:A.DA4&2:A.DT7&&1:A.DC5&2:A.DG6,B,"0.415,-0.343,3.126","0.866,0.499,0.028,-0.499,0.866,0.035,-0.007,-0.044,0.999"
1en3,0,10,B,126,GC/TA,2:A.DG6&1:A.DC5&&2:A.DT7&1:A.DA4,B,"-0.276,-0.395,3.135","0.866,0.500,0.007,-0.498,0.866,-0.044,-0.028,0.035,0.999"
1en3,0,10,B,127,CG/GC,1:A.DC5&2:A.DG6&&1:A.DG6&2:A.DC5,B,"0.315,-0.018,3.750","0.711,0.689,-0.140,-0.690,0.722,0.057,0.140,0.057,0.988"
1en3,0,10,B,128,CG/GC,2:A.DC5&1:A.DG6&&2:A.DG6&1:A.DC5,B,"0.315,-0.018,3.750","0.711,0.689,-0.140,-0.690,0.722,0.057,0.140,0.057,0.988"
1en3,0,10,B,129,GC/TA,1:A.DG6&2:A.DC5&&1:A.DT7&2:A.DA4,B,"-0.276,-0.395,3.135","0.866,0.500,0.007,-0.498,0.866,-0.044,-0.028,0.035,0.999"
1en3,0,10,B,130,AT/CG,2:A.DA4&1:A.DT7&&2:A.DC5&1:A.DG6,B,"0.415,-0.343,3.126","0.866,0.499,0.028,-0.499,0.866,0.035,-0.007,-0.044,0.999"
1en3,0,10,B,131,TA/TA,1:A.DT7&2:A.DA4&&1:A.DT8&2:A.DA3,B,"-0.293,0.238,3.256","0.863,0.491,-0.122,-0.486,0.871,0.070,0.140,-0.001,0.990"
1en3,0,10,B,132,AT/AT,2:A.DA3&1:A.DT8&&2:A.DA4&1:A.DT7,B,"0.533,0.576,3.182","0.863,0.486,-0.141,-0.491,0.871,-0.001,0.122,0.069,0.990"
1en3,0,10,B,133,TA/GC,1:A.DT8&2:A.DA3&&1:A.DG9&2:A.DC2,.,"-1.650,2.302,3.114","0.634,0.766,0.105,-0.764,0.641,-0.073,-0.123,-0.035,0.992"
1en3,0,10,B,134,CG/AT,2:A.DC2&1:A.DG9&&2:A.DA3&1:A.DT8,.,"-1.046,2.511,3.212","0.634,0.764,0.123,-0.767,0.641,-0.034,-0.105,-0.072,0.992"
1en9,0,10,B,135,CG/AT,1:A.DC2&2:A.DG9&&1:A.DA3&2:A.DT8,.,"-1.261,2.572,3.217","0.625,0.775,0.095,-0.775,0.631,-0.044,-0.094,-0.046,0.994"
1en9,0,10,B,136,TA/GC,2:A.DT8&1:A.DA3&&2:A.DG9&1:A.DC2,.,"-1.509,2.457,3.200","0.625,0.775,0.094,-0.775,0.631,-0.045,-0.095,-0.044,0.994"
1en9,0,10,B,137,AT/GC,1:A.DA3&2:A.DT8&&1:A.DG4&2:A.DC7,B,"0.587,0.931,3.156","0.923,0.352,-0.158,-0.358,0.934,-0.018,0.142,0.073,0.987"
1en9,0,10,B,138,CG/TA,2:A.DC7&1:A.DG4&&2:A.DT8&1:A.DA3,B,"-0.370,0.603,3.267","0.923,0.358,-0.141,-0.351,0.933,0.073,0.158,-0.018,0.987"
1en9,0,10,B,139,GC/CG,1:A.DG4&2:A.DC7&&1:A.DC5&2:A.DG6,B,"-0.953,0.365,3.308","0.783,0.618,0.065,-0.618,0.786,-0.019,-0.062,-0.025,0.998"
1en9,0,10,B,140,GC/CG,2:A.DG6&1:A.DC5&&2:A.DC7&1:A.DG4,B,"0.309,0.812,3.351","0.784,0.618,0.062,-0.618,0.786,-0.025,-0.064,-0.019,0.998"
1en9,0,10,B,141,CG/GC,1:A.DC5&2:A.DG6&&1:A.DG6&2:A.DC5,B,"0.303,-0.006,3.721","0.735,0.664,-0.140,-0.665,0.745,0.053,0.140,0.053,0.989"
1en9,0,10,B,142,CG/GC,2:A.DC5&1:A.DG6&&2:A.DG6&1:A.DC5,B,"0.303,-0.006,3.721","0.735,0.664,-0.140,-0.665,0.745,0.053,0.140,0.053,0.989"
1en9,0,10,B,143,GC/CG,1:A.DG6&2:A.DC5&&1:A.DC7&2:A.DG4,B,"0.309,0.812,3.351","0.784,0.618,0.062,-0.618,0.786,-0.025,-0.064,-0.019,0.998"
1en9,0,10,B,144,GC/CG,2:A.DG4&1:A.DC7&&2:A.DC5&1:A.DG6,B,"-0.953,0.365,3.308","0.783,0.618,0.065,-0.618,0.786,-0.019,-0.062,-0.025,0.998"
1en9,0,10,B,145,CG/TA,1:A.DC7&2:A.DG4&&1:A.DT8&2:A.DA3,B,"-0.370,0.603,3.267","0.923,0.358,-0.141,-0.351,0.933,0.073,0.158,-0.018,0.987"
1en9,0,10,B,146,AT/GC,2:A.DA3&1:A.DT8&&2:A.DG4&1:A.DC7,B,"0.587,0.931,3.156","0.923,0.352,-0.158,-0.358,0.934,-0.018,0.142,0.073,0.987"
1en9,0,10,B,147,TA/GC,1:A.DT8&2:A.DA3&&1:A.DG9&2:A.DC2,.,"-1.509,2.457,3.200","0.625,0.775,0.094,-0.775,0.631,-0.045,-0.095,-0.044,0.994"
1en9,0,10,B,148,CG/AT,2:A.DC2&1:A.DG9&&2:A.DA3&1:A.DT8,.,"-1.261,2.572,3.217","0.625,0.775,0.095,-0.775,0.631,-0.044,-0.094,-0.046,0.994"
1enn,0,8,B,149,GC/AT,1:A.DG3&1:B.DC17&&1:A.DA4&1:B.DT16,.,"-1.110,1.084,3.259","0.787,0.612,-0.075,-0.613,0.790,0.009,0.065,0.039,0.997"
1enn,0,8,B,150,TA/CG,1:B.DT16&1:A.DA4&&1:B.DC17&1:A.DG3,.,"0.455,1.565,3.221","0.787,0.613,-0.065,-0.612,0.790,0.039,0.075,0.009,0.997"
1enn,0,8,B,151,AT/AT,1:A.DA4&1:B.DT16&&1:A.DA5&1:B.DT15,B,"0.530,-0.213,3.360","0.779,0.625,-0.037,-0.626,0.780,-0.005,0.025,0.027,0.999"
1enn,0,8,B,152,TA/TA,1:B.DT15&1:A.DA5&&1:B.DT16&1:A.DA4,B,"-0.156,-0.516,3.365","0.779,0.626,-0.025,-0.625,0.780,0.027,0.037,-0.005,0.999"
1enn,0,8,B,153,AT/TA,1:A.DA5&1:B.DT15&&1:A.DT6&1:B.DA14,B,"0.335,-0.572,3.312","0.858,0.513,-0.000,-0.514,0.858,0.006,0.004,-0.006,1.000"
1enn,0,8,B,154,AT/TA,1:B.DA14&1:A.DT6&&1:B.DT15&1:A.DA5,B,"0.007,-0.641,3.317","0.858,0.514,-0.004,-0.514,0.858,-0.005,0.000,0.007,1.000"
1enn,0,8,B,155,TA/TA,1:A.DT6&1:B.DA14&&1:A.DT7&1:B.DA13,B,"-0.261,-0.398,3.301","0.789,0.614,-0.026,-0.612,0.788,0.063,0.059,-0.034,0.998"
1enn,0,8,B,156,AT/AT,1:B.DA13&1:A.DT7&&1:B.DA14&1:A.DT6,B,"0.535,0.055,3.291","0.788,0.612,-0.059,-0.614,0.788,-0.034,0.026,0.063,0.998"
1enn,0,8,B,157,TA/CG,1:A.DT7&1:B.DA13&&1:A.DC8&1:B.DG12,.,"0.537,1.558,3.267","0.770,0.637,0.019,-0.637,0.771,0.010,-0.008,-0.019,1.000"
1enn,0,8,B,158,GC/AT,1:B.DG12&1:A.DC8&&1:B.DA13&1:A.DT7,.,"-1.468,0.889,3.232","0.770,0.637,0.009,-0.637,0.771,-0.019,-0.019,0.010,1.000"
1ikk,0,10,B,159,CG/TA,1:A.DC2&1:B.DG19&&1:A.DT3&1:B.DA18,B,"0.315,-0.500,3.504","0.800,0.600,-0.007,-0.600,0.799,0.026,0.021,-0.017,1.000"
1ikk,0,10,B,160,AT/GC,1:B.DA18&1:A.DT3&&1:B.DG19&1:A.DC2,B,"0.073,-0.499,3.518","0.800,0.600,-0.021,-0.600,0.799,-0.016,0.007,0.026,1.000"
1ikk,0,10,B,161,TA/TA,1:A.DT3&1:B.DA18&&1:A.DT4&1:B.DA17,B,"0.323,-0.110,3.150","0.774,0.630,-0.071,-0.634,0.768,-0.089,-0.001,0.113,0.994"
1ikk,0,10,B,162,AT/AT,1:B.DA17&1:A.DT4&&1:B.DA18&1:A.DT3,B,"0.041,-0.568,3.117","0.774,0.634,0.002,-0.630,0.769,0.113,0.071,-0.088,0.994"
1ikk,0,10,B,163,TA/TA,1:A.DT4&1:B.DA17&&1:A.DT5&1:B.DA16,B,"0.216,-0.152,3.321","0.809,0.586,0.041,-0.587,0.809,0.021,-0.021,-0.041,0.999"
1ikk,0,10,B,164,AT/AT,1:B.DA16&1:A.DT5&&1:B.DA17&1:A.DT4,B,"-0.222,-0.179,3.319","0.809,0.587,0.021,-0.586,0.809,-0.042,-0.041,0.021,0.999"
1ikk,0,10,B,165,TA/AT,1:A.DT5&1:B.DA16&&1:A.DA6&1:B.DT15,B,"-0.345,0.929,2.998","0.876,0.469,-0.109,-0.468,0.883,0.043,0.116,0.013,0.993"
1ikk,0,10,B,166,TA/AT,1:B.DT15&1:A.DA6&&1:B.DA16&1:A.DT5,B,"0.192,1.110,2.950","0.876,0.468,-0.116,-0.469,0.883,0.013,0.109,0.043,0.993"
1ikk,0,10,B,167,AT/AT,1:A.DA6&1:B.DT15&&1:A.DA7&1:B.DT14,B,"-1.061,0.702,3.245","0.729,0.681,0.070,-0.679,0.732,-0.044,-0.081,-0.016,0.997"
1ikk,0,10,B,168,TA/TA,1:B.DT14&1:A.DA7&&1:B.DT15&1:A.DA6,B,"0.067,1.093,3.309","0.729,0.680,0.081,-0.681,0.732,-0.016,-0.070,-0.044,0.997"
1ikk,0,10,B,169,AT/AT,1:A.DA7&1:B.DT14&&1:A.DA8&1:B.DT13,B,"0.367,0.046,3.295","0.790,0.613,0.025,-0.612,0.790,-0.014,-0.028,-0.004,1.000"
1ikk,0,10,B,170,TA/TA,1:B.DT13&1:A.DA8&&1:B.DT14&1:A.DA7,B,"-0.400,-0.236,3.283","0.790,0.613,0.028,-0.613,0.790,-0.004,-0.025,-0.014,1.000"
1ikk,0,10,B,171,AT/GC,1:A.DA8&1:B.DT13&&1:A.DG9&1:B.DC12,B,"0.669,-0.325,3.586","0.791,0.609,-0.063,-0.607,0.793,0.055,0.083,-0.005,0.997"
1ikk,0,10,B,172,CG/TA,1:B.DC12&1:A.DG9&&1:B.DT13&1:A.DA8,B,"-0.106,-0.468,3.630","0.791,0.606,-0.083,-0.609,0.793,-0.005,0.063,0.054,0.997"
1j8l,1,4,B,173,AT/TA,1:A.DA6&1:B.DT19&&1:A.DT7&1:B.DA18,B,"0.127,-0.711,3.328","0.849,0.529,0.006,-0.529,0.849,0.003,-0.003,-0.006,1.000"
1j8l,1,4,B,174,AT/TA,1:B.DA18&1:A.DT7&&1:B.DT19&1:A.DA6,B,"0.249,-0.660,3.332","0.849,0.529,0.003,-0.529,0.849,-0.005,-0.006,0.003,1.000"
1nvy,0,6,B,175,CG/GC,1:A.DC2&1:B.DG9&&1:A.DG3&1:B.DC8,.,"-0.991,2.585,3.322","0.786,0.618,0.011,-0.618,0.787,0.004,-0.006,-0.010,1.000"
1nvy,0,6,B,176,CG/GC,1:B.DC8&1:A.DG3&&1:B.DG9&1:A.DC2,.,"-0.854,2.658,3.302","0.786,0.618,0.007,-0.617,0.787,-0.010,-0.010,0.004,1.000"
1nvy,0,6,B,177,GC/GC,1:A.DG3&1:B.DC8&&1:A.DG4&1:B.DC7,.,"-0.670,2.345,3.391","0.748,0.658,-0.091,-0.663,0.747,-0.052,0.034,0.100,0.994"
1nvy,0,6,B,178,CG/CG,1:B.DC7&1:A.DG4&&1:B.DC8&1:A.DG3,.,"-0.732,2.019,3.582","0.748,0.663,-0.034,-0.658,0.747,0.099,0.091,-0.052,0.994"
1nvy,0,6,B,179,GC/TA,1:A.DG4&1:B.DC7&&1:A.DT5&1:B.DA6,B,"-0.643,-0.593,3.295","0.897,0.443,0.007,-0.443,0.896,0.020,0.002,-0.021,1.000"
1nvy,0,6,B,180,AT/CG,1:B.DA6&1:A.DT5&&1:B.DC7&1:A.DG4,B,"0.814,-0.182,3.305","0.897,0.443,-0.002,-0.443,0.897,-0.021,-0.008,0.020,1.000"
1nvy,3,6,B,181,CG/GC,2:A.DC2&2:B.DG9&&2:A.DG3&2:B.DC8,.,"-0.991,2.585,3.322","0.786,0.618,0.011,-0.618,0.787,0.004,-0.006,-0.010,1.000"
1nvy,3,6,B,182,CG/GC,2:B.DC8&2:A.DG3&&2:B.DG9&2:A.DC2,.,"-0.854,2.658,3.302","0.786,0.618,0.007,-0.617,0.787,-0.010,-0.010,0.004,1.000"
1nvy,3,6,B,183,GC/GC,2:A.DG3&2:B.DC8&&2:A.DG4&2:B.DC7,.,"-0.670,2.345,3.391","0.748,0.658,-0.091,-0.663,0.747,-0.052,0.034,0.100,0.994"
1nvy,3,6,B,184,CG/CG,2:B.DC7&2:A.DG4&&2:B.DC8&2:A.DG3,.,"-0.732,2.019,3.582","0.748,0.663,-0.034,-0.658,0.747,0.099,0.091,-0.052,0.994"
1nvy,3,6,B,185,GC/TA,2:A.DG4&2:B.DC7&&2:A.DT5&2:B.DA6,B,"-0.643,-0.593,3.295","0.897,0.443,0.007,-0.443,0.896,0.020,0.002,-0.021,1.000"
1nvy,3,6,B,186,AT/CG,2:B.DA6&2:A.DT5&&2:B.DC7&2:A.DG4,B,"0.814,-0.182,3.305","0.897,0.443,-0.002,-0.443,0.897,-0.021,-0.008,0.020,1.000"
1p54,0,6,B,187,GC/TA,1:A.DG4&1:B.DC17&&1:A.DT5&1:B.DA16,B,"1.043,0.105,3.133","0.862,0.490,-0.127,-0.482,0.872,0.088,0.154,-0.015,0.988"
1p54,0,6,B,188,AT/CG,1:B.DA16&1:A.DT5&&1:B.DC17&1:A.DG4,B,"-0.554,-0.136,3.254","0.862,0.483,-0.153,-0.490,0.872,-0.015,0.127,0.088,0.988"
1p54,3,6,B,189,GC/TA,2:A.DG4&2:B.DC17&&2:A.DT5&2:B.DA16,B,"1.043,0.105,3.133","0.862,0.490,-0.127,-0.482,0.872,0.088,0.154,-0.015,0.988"
1p54,3,6,B,190,AT/CG,2:B.DA16&2:A.DT5&&2:B.DC17&2:A.DG4,B,"-0.554,-0.136,3.254","0.862,0.483,-0.153,-0.490,0.872,-0.015,0.127,0.088,0.988"
1puy,0,6,B,191,TA/TA,1:A.DT2&1:A.DA13&&1:A.DT3&1:A.DA12,B,"-0.146,-0.636,3.316","0.794,0.601,0.091,-0.603,0.798,-0.005,-0.076,-0.050,0.996"
1puy,0,6,B,192,AT/AT,1:A.DA12&1:A.DT3&&1:A.DA13&1:A.DT2,B,"0.197,-0.436,3.345","0.794,0.603,0.076,-0.601,0.798,-0.050,-0.091,-0.005,0.996"
1puy,0,6,B,193,TA/TA,1:A.DT3&1:A.DA12&&1:A.DT4&1:A.DA11,B,"-0.071,-0.067,3.217","0.772,0.633,0.054,-0.635,0.773,0.005,-0.039,-0.038,0.999"
1puy,0,6,B,194,AT/AT,1:A.DA11&1:A.DT4&&1:A.DA12&1:A.DT3,B,"-0.077,0.010,3.217","0.772,0.635,0.039,-0.634,0.773,-0.038,-0.055,0.005,0.998"
1puy,0,6,B,195,TA/TA,1:A.DT4&1:A.DA11&&1:A.DT5&1:A.DA10,B,"-0.143,0.494,3.264","0.765,0.641,0.061,-0.642,0.767,-0.008,-0.052,-0.032,0.998"
1puy,0,6,B,196,AT/AT,1:A.DA10&1:A.DT5&&1:A.DA11&1:A.DT4,B,"-0.406,0.442,3.249","0.765,0.642,0.052,-0.641,0.767,-0.032,-0.061,-0.008,0.998"
1s23,0,8,B,197,CG/AT,1:A.DC3&2:A.DG8&&1:A.DA4&2:A.DT7,B,"-0.202,-0.117,3.309","0.833,0.545,-0.092,-0.541,0.838,0.068,0.114,-0.006,0.993"
1s23,0,8,B,198,TA/GC,2:A.DT7&1:A.DA4&&2:A.DG8&1:A.DC3,B,"0.536,0.234,3.266","0.833,0.541,-0.114,-0.545,0.838,-0.007,0.092,0.067,0.993"
1s23,0,8,B,199,AT/AT,1:A.DA4&2:A.DT7&&1:A.DA5&2:A.DT6,B,"0.193,-0.124,3.271","0.804,0.594,-0.015,-0.594,0.803,-0.050,-0.018,0.048,0.999"
1s23,0,8,B,200,TA/TA,2:A.DT6&1:A.DA5&&2:A.DT7&1:A.DA4,B,"-0.034,-0.377,3.257","0.805,0.594,0.018,-0.594,0.803,0.049,0.014,-0.049,0.999"
1s23,0,8,B,201,AT/TA,1:A.DA5&2:A.DT6&&1:A.DT6&2:A.DA5,B,"-0.000,-0.470,3.328","0.817,0.572,0.081,-0.572,0.820,-0.025,-0.081,-0.025,0.996"
1s23,0,8,B,202,AT/TA,2:A.DA5&1:A.DT6&&2:A.DT6&1:A.DA5,B,"-0.000,-0.470,3.328","0.817,0.572,0.081,-0.572,0.820,-0.025,-0.081,-0.025,0.996"
1s23,0,8,B,203,TA/TA,1:A.DT6&2:A.DA5&&1:A.DT7&2:A.DA4,B,"-0.034,-0.377,3.257","0.805,0.594,0.018,-0.594,0.803,0.049,0.014,-0.049,0.999"
1s23,0,8,B,204,AT/AT,2:A.DA4&1:A.DT7&&2:A.DA5&1:A.DT6,B,"0.193,-0.124,3.271","0.804,0.594,-0.015,-0.594,0.803,-0.050,-0.018,0.048,0.999"
1s23,0,8,B,205,TA/GC,1:A.DT7&2:A.DA4&&1:A.DG8&2:A.DC3,B,"0.536,0.234,3.266","0.833,0.541,-0.114,-0.545,0.838,-0.007,0.092,0.067,0.993"
1s23,0,8,B,206,CG/AT,2:A.DC3&1:A.DG8&&2:A.DA4&1:A.DT7,B,"-0.202,-0.117,3.309","0.833,0.545,-0.092,-0.541,0.838,0.068,0.114,-0.006,0.993"
1s2r,0,12,B,207,GC/CG,1:A.DG2&1:B.DC23&&1:A.DC3&1:B.DG22,B,"1.072,0.830,3.302","0.784,0.619,-0.036,-0.620,0.785,0.016,0.038,0.009,0.999"
1s2r,0,12,B,208,GC/CG,1:B.DG22&1:A.DC3&&1:B.DC23&1:A.DG2,B,"-1.238,0.042,3.348","0.784,0.619,-0.038,-0.620,0.785,0.009,0.035,0.016,0.999"
1s2r,0,12,B,209,CG/AT,1:A.DC3&1:B.DG22&&1:A.DA4&1:B.DT21,B,"-0.624,0.799,3.270","0.881,0.449,-0.147,-0.439,0.894,0.094,0.173,-0.019,0.985"
1s2r,0,12,B,210,TA/GC,1:B.DT21&1:A.DA4&&1:B.DG22&1:A.DC3,B,"0.670,1.297,3.097","0.881,0.440,-0.173,-0.449,0.893,-0.019,0.147,0.094,0.985"
1s2r,0,12,B,211,AT/AT,1:A.DA4&1:B.DT21&&1:A.DA5&1:B.DT20,B,"0.292,0.047,3.350","0.792,0.611,0.001,-0.611,0.792,0.005,0.003,-0.004,1.000"
1s2r,0,12,B,212,TA/TA,1:B.DT20&1:A.DA5&&1:B.DT21&1:A.DA4,B,"-0.262,-0.123,3.350","0.792,0.611,-0.002,-0.611,0.791,-0.005,-0.000,0.005,1.000"
1s2r,0,12,B,213,AT/AT,1:A.DA5&1:B.DT20&&1:A.DA6&1:B.DT19,B,"0.223,-0.288,3.312","0.790,0.613,0.005,-0.613,0.790,-0.018,-0.015,0.012,1.000"
1s2r,0,12,B,214,TA/TA,1:B.DT19&1:A.DA6&&1:B.DT20&1:A.DA5,B,"-0.016,-0.424,3.305","0.790,0.613,0.015,-0.613,0.790,0.012,-0.005,-0.018,1.000"
1s2r,0,12,B,215,AT/TA,1:A.DA6&1:B.DT19&&1:A.DT7&1:B.DA18,B,"0.267,-0.605,3.328","0.860,0.511,0.010,-0.510,0.860,0.011,-0.003,-0.014,1.000"
1s2r,0,12,B,216,AT/TA,1:B.DA18&1:A.DT7&&1:B.DT19&1:A.DA6,B,"0.047,-0.622,3.335","0.860,0.511,0.003,-0.510,0.860,-0.014,-0.010,0.011,1.000"
1s2r,0,12,B,217,TA/TA,1:A.DT7&1:B.DA18&&1:A.DT8&1:B.DA17,B,"-0.225,-0.391,3.307","0.789,0.613,0.032,-0.614,0.789,0.019,-0.015,-0.034,0.999"
1s2r,0,12,B,218,AT/AT,1:B.DA17&1:A.DT8&&1:B.DA18&1:A.DT7,B,"0.310,-0.109,3.322","0.790,0.613,0.014,-0.613,0.789,-0.035,-0.033,0.018,0.999"
1s2r,0,12,B,219,TA/TA,1:A.DT8&1:B.DA17&&1:A.DT9&1:B.DA16,B,"-0.113,-0.024,3.389","0.754,0.654,0.066,-0.655,0.755,0.007,-0.045,-0.048,0.998"
1s2r,0,12,B,220,AT/AT,1:B.DA16&1:A.DT9&&1:B.DA17&1:A.DT8,B,"-0.121,0.078,3.388","0.754,0.656,0.045,-0.654,0.755,-0.047,-0.066,0.007,0.998"
1s2r,0,12,B,221,TA/GC,1:A.DT9&1:B.DA16&&1:A.DG10&1:B.DC15,B,"0.404,1.123,2.967","0.876,0.481,-0.035,-0.483,0.873,-0.067,-0.002,0.076,0.997"
1s2r,0,12,B,222,CG/AT,1:B.DC15&1:A.DG10&&1:B.DA16&1:A.DT9,B,"-0.790,0.586,3.043","0.876,0.483,0.002,-0.482,0.873,0.076,0.035,-0.067,0.997"
1s2r,0,12,B,223,GC/CG,1:A.DG10&1:B.DC15&&1:A.DC11&1:B.DG14,B,"-1.745,-0.121,3.347","0.744,0.663,0.088,-0.661,0.749,-0.053,-0.102,-0.020,0.995"
1s2r,0,12,B,224,GC/CG,1:B.DG14&1:A.DC11&&1:B.DC15&1:A.DG10,B,"1.081,0.886,3.509","0.743,0.661,0.101,-0.663,0.749,-0.019,-0.089,-0.053,0.995"
1sgs,0,16,B,225,CG/TA,1:A.DC3&2:A.DG16&&1:A.DT4&2:A.DA15,B,"-0.441,-0.320,3.298","0.872,0.488,-0.038,-0.488,0.872,0.033,0.050,-0.009,0.999"
1sgs,0,16,B,226,AT/GC,2:A.DA15&1:A.DT4&&2:A.DG16&1:A.DC3,B,"0.668,0.043,3.275","0.872,0.487,-0.049,-0.489,0.872,-0.009,0.039,0.033,0.999"
1sgs,0,16,B,227,TA/GC,1:A.DT4&2:A.DA15&&1:A.DG5&2:A.DC14,B,"0.165,1.114,3.474","0.728,0.686,0.009,-0.685,0.727,0.035,0.017,-0.031,0.999"
1sgs,0,16,B,228,CG/AT,2:A.DC14&1:A.DG5&&2:A.DA15&1:A.DT4,B,"-0.915,0.817,3.440","0.728,0.686,-0.017,-0.685,0.728,-0.031,-0.009,0.034,0.999"
1sgs,0,16,B,229,GC/GC,1:A.DG5&2:A.DC14&&1:A.DG6&2:A.DC13,B,"1.013,0.293,3.103","0.926,0.362,-0.105,-0.364,0.931,-0.001,0.097,0.039,0.995"
1sgs,0,16,B,230,CG/CG,2:A.DC13&1:A.DG6&&2:A.DC14&1:A.DG5,B,"-0.721,-0.098,3.196","0.926,0.364,-0.097,-0.362,0.931,0.039,0.104,-0.001,0.995"
1sgs,0,16,B,231,GC/AT,1:A.DG6&2:A.DC13&&1:A.DA7&2:A.DT12,B,"-1.181,0.073,3.337","0.764,0.645,-0.008,-0.645,0.764,-0.024,-0.009,0.022,1.000"
1sgs,0,16,B,232,TA/CG,2:A.DT12&1:A.DA7&&2:A.DC13&1:A.DG6,B,"0.880,0.740,3.349","0.764,0.645,0.010,-0.645,0.764,0.023,0.008,-0.023,1.000"
1sgs,0,16,B,233,AT/AT,1:A.DA7&2:A.DT12&&1:A.DA8&2:A.DT11,B,"0.421,0.009,3.196","0.839,0.544,0.002,-0.545,0.839,-0.005,-0.004,0.003,1.000"
1sgs,0,16,B,234,TA/TA,2:A.DT11&1:A.DA8&&2:A.DT12&1:A.DA7,B,"-0.365,-0.237,3.195","0.839,0.545,0.004,-0.545,0.839,0.003,-0.002,-0.005,1.000"
1sgs,0,16,B,235,AT/AT,1:A.DA8&2:A.DT11&&1:A.DA9&2:A.DT10,B,"-0.148,-0.109,3.278","0.773,0.634,0.004,-0.633,0.773,-0.046,-0.032,0.033,0.999"
1sgs,0,16,B,236,TA/TA,2:A.DT10&1:A.DA9&&2:A.DT11&1:A.DA8,B,"0.171,-0.140,3.276","0.773,0.633,0.032,-0.634,0.773,0.033,-0.004,-0.046,0.999"
1sgs,0,16,B,237,AT/TA,1:A.DA9&2:A.DT10&&1:A.DT10&2:A.DA9,B,"0.147,-0.604,3.252","0.839,0.545,0.018,-0.545,0.839,-0.006,-0.018,-0.005,1.000"
1sgs,0,16,B,238,AT/TA,2:A.DA9&1:A.DT10&&2:A.DT10&1:A.DA9,B,"0.147,-0.604,3.252","0.839,0.545,0.018,-0.545,0.839,-0.006,-0.018,-0.005,1.000"
1sgs,0,16,B,239,TA/TA,1:A.DT10&2:A.DA9&&1:A.DT11&2:A.DA8,B,"0.171,-0.140,3.276","0.773,0.633,0.032,-0.634,0.773,0.033,-0.004,-0.046,0.999"
1sgs,0,16,B,240,AT/AT,2:A.DA8&1:A.DT11&&2:A.DA9&1:A.DT10,B,"-0.148,-0.109,3.278","0.773,0.634,0.004,-0.633,0.773,-0.046,-0.032,0.033,0.999"
1sgs,0,16,B,241,TA/TA,1:A.DT11&2:A.DA8&&1:A.DT12&2:A.DA7,B,"-0.365,-0.237,3.195","0.839,0.545,0.004,-0.545,0.839,0.003,-0.002,-0.005,1.000"
1sgs,0,16,B,242,AT/AT,2:A.DA7&1:A.DT12&&2:A.DA8&1:A.DT11,B,"0.421,0.009,3.196","0.839,0.544,0.002,-0.545,0.839,-0.005,-0.004,0.003,1.000"
1sgs,0,16,B,243,TA/CG,1:A.DT12&2:A.DA7&&1:A.DC13&2:A.DG6,B,"0.880,0.740,3.349","0.764,0.645,0.010,-0.645,0.764,0.023,0.008,-0.023,1.000"
1sgs,0,16,B,244,GC/AT,2:A.DG6&1:A.DC13&&2:A.DA7&1:A.DT12,B,"-1.181,0.073,3.337","0.764,0.645,-0.008,-0.645,0.764,-0.024,-0.009,0.022,1.000"
1sgs,0,16,B,245,CG/CG,1:A.DC13&2:A.DG6&&1:A.DC14&2:A.DG5,B,"-0.721,-0.098,3.196","0.926,0.364,-0.097,-0.362,0.931,0.039,0.104,-0.001,0.995"
1sgs,0,16,B,246,GC/GC,2:A.DG5&1:A.DC14&&2:A.DG6&1:A.DC13,B,"1.013,0.293,3.103","0.926,0.362,-0.105,-0.364,0.931,-0.001,0.097,0.039,0.995"
1sgs,0,16,B,247,CG/AT,1:A.DC14&2:A.DG5&&1:A.DA15&2:A.DT4,B,"-0.915,0.817,3.440","0.728,0.686,-0.017,-0.685,0.728,-0.031,-0.009,0.034,0.999"
1sgs,0,16,B,248,TA/GC,2:A.DT4&1:A.DA15&&2:A.DG5&1:A.DC14,B,"0.165,1.114,3.474","0.728,0.686,0.009,-0.685,0.727,0.035,0.017,-0.031,0.999"
1sgs,0,16,B,249,AT/GC,1:A.DA15&2:A.DT4&&1:A.DG16&2:A.DC3,B,"0.668,0.043,3.275","0.872,0.487,-0.049,-0.489,0.872,-0.009,0.039,0.033,0.999"
1sgs,0,16,B,250,CG/TA,2:A.DC3&1:A.DG16&&2:A.DT4&1:A.DA15,B,"-0.441,-0.320,3.298","0.872,0.488,-0.038,-0.488,0.872,0.033,0.050,-0.009,0.999"
1sk5,0,10,B,251,TA/TA,1:A.DT2&1:B.DA19&&1:A.DT3&1:B.DA18,B,"-0.443,-0.245,3.228","0.785,0.614,0.085,-0.614,0.789,-0.033,-0.088,-0.027,0.996"
1sk5,0,10,B,252,AT/AT,1:B.DA18&1:A.DT3&&1:B.DA19&1:A.DT2,B,"0.222,-0.028,3.259","0.785,0.614,0.088,-0.614,0.789,-0.026,-0.086,-0.033,0.996"
1sk5,0,10,B,253,TA/TA,1:A.DT3&1:B.DA18&&1:A.DT4&1:B.DA17,B,"-0.165,-0.009,3.330","0.772,0.635,-0.025,-0.635,0.772,-0.008,0.015,0.022,1.000"
1sk5,0,10,B,254,AT/AT,1:B.DA17&1:A.DT4&&1:B.DA18&1:A.DT3,B,"0.217,0.071,3.327","0.772,0.635,-0.014,-0.635,0.772,0.022,0.025,-0.008,1.000"
1sk5,0,10,B,255,TA/TA,1:A.DT4&1:B.DA17&&1:A.DT5&1:B.DA16,B,"-0.228,0.668,3.309","0.737,0.673,0.061,-0.675,0.738,-0.008,-0.050,-0.035,0.998"
1sk5,0,10,B,256,AT/AT,1:B.DA16&1:A.DT5&&1:B.DA17&1:A.DT4,B,"-0.483,0.622,3.291","0.737,0.675,0.050,-0.673,0.738,-0.036,-0.060,-0.008,0.998"
1sk5,0,10,B,257,TA/AT,1:A.DT5&1:B.DA16&&1:A.DA6&1:B.DT15,B,"-0.104,1.180,3.064","0.874,0.472,-0.114,-0.472,0.881,0.023,0.112,0.034,0.993"
1sk5,0,10,B,258,TA/AT,1:B.DT15&1:A.DA6&&1:B.DA16&1:A.DT5,B,"-0.115,1.159,3.072","0.874,0.472,-0.112,-0.471,0.881,0.034,0.114,0.023,0.993"
1sk5,0,10,B,259,AT/AT,1:A.DA6&1:B.DT15&&1:A.DA7&1:B.DT14,B,"-0.059,-0.092,3.246","0.819,0.573,-0.009,-0.574,0.818,-0.040,-0.015,0.039,0.999"
1sk5,0,10,B,260,TA/TA,1:B.DT14&1:A.DA7&&1:B.DT15&1:A.DA6,B,"0.131,-0.173,3.240","0.819,0.573,0.015,-0.574,0.818,0.038,0.009,-0.041,0.999"
1sk5,0,10,B,261,AT/AT,1:A.DA7&1:B.DT14&&1:A.DA8&1:B.DT13,B,"0.106,-0.221,3.062","0.794,0.608,0.002,-0.606,0.793,0.066,0.039,-0.055,0.998"
1sk5,0,10,B,262,TA/TA,1:B.DT13&1:A.DA8&&1:B.DT14&1:A.DA7,B,"0.042,-0.036,3.071","0.794,0.606,-0.039,-0.607,0.793,-0.054,-0.003,0.066,0.998"
1sk5,0,10,B,263,AT/AT,1:A.DA8&1:B.DT13&&1:A.DA9&1:B.DT12,B,"-0.047,-0.236,3.253","0.756,0.645,0.113,-0.647,0.762,-0.034,-0.109,-0.047,0.993"
1sk5,0,10,B,264,TA/TA,1:B.DT12&1:A.DA9&&1:B.DT13&1:A.DA8,B,"-0.181,-0.261,3.246","0.755,0.646,0.109,-0.646,0.762,-0.048,-0.113,-0.034,0.993"
1zf0,0,10,B,265,CG/GC,1:A.DC2&1:B.DG19&&1:A.DG3&1:B.DC18,B,"-0.908,0.448,3.024","0.815,0.561,-0.145,-0.573,0.817,-0.065,0.082,0.135,0.987"
1zf0,0,10,B,266,CG/GC,1:B.DC18&1:A.DG3&&1:B.DG19&1:A.DC2,B,"0.927,0.692,2.972","0.815,0.574,-0.082,-0.561,0.817,0.136,0.145,-0.064,0.987"
1zf0,0,10,B,267,GC/TA,1:A.DG3&1:B.DC18&&1:A.DT4&1:B.DA17,B,"-0.753,-0.893,3.599","0.839,0.544,-0.009,-0.544,0.839,-0.010,0.001,0.014,1.000"
1zf0,0,10,B,268,AT/CG,1:B.DA17&1:A.DT4&&1:B.DC18&1:A.DG3,B,"1.149,-0.378,3.585","0.839,0.544,-0.001,-0.544,0.839,0.013,0.009,-0.011,1.000"
1zf0,0,10,B,269,TA/TA,1:A.DT4&1:B.DA17&&1:A.DT5&1:B.DA16,B,"0.964,0.630,3.079","0.809,0.588,-0.009,-0.588,0.808,0.026,0.022,-0.015,1.000"
1zf0,0,10,B,270,AT/AT,1:B.DA16&1:A.DT5&&1:B.DA17&1:A.DT4,B,"-1.122,0.021,3.090","0.809,0.588,-0.022,-0.588,0.809,-0.015,0.009,0.026,1.000"
1zf0,0,10,B,271,TA/AT,1:A.DT5&1:B.DA16&&1:A.DA6&1:B.DT15,B,"-0.965,1.149,3.410","0.761,0.645,0.060,-0.646,0.763,-0.013,-0.054,-0.030,0.998"
1zf0,0,10,B,272,TA/AT,1:B.DT15&1:A.DA6&&1:B.DA16&1:A.DT5,B,"-0.213,1.459,3.421","0.761,0.646,0.054,-0.645,0.764,-0.029,-0.060,-0.012,0.998"
1zf0,0,10,B,273,AT/AT,1:A.DA6&1:B.DT15&&1:A.DA7&1:B.DT14,B,"0.203,-0.173,2.939","0.857,0.515,-0.024,-0.516,0.856,-0.041,-0.000,0.048,0.999"
1zf0,0,10,B,274,TA/TA,1:B.DT14&1:A.DA7&&1:B.DT15&1:A.DA6,B,"-0.014,-0.374,2.927","0.857,0.516,0.001,-0.515,0.856,0.047,0.024,-0.041,0.999"
1zf0,0,10,B,275,AT/CG,1:A.DA7&1:B.DT14&&1:A.DC8&1:B.DG13,.,"-0.946,-0.292,3.353","0.802,0.591,-0.087,-0.597,0.798,-0.086,0.017,0.122,0.992"
1zf0,0,10,B,276,GC/TA,1:B.DG13&1:A.DC8&&1:B.DT14&1:A.DA7,.,"1.222,0.040,3.275","0.802,0.597,-0.018,-0.591,0.798,0.121,0.086,-0.087,0.992"
1zf0,0,10,B,277,CG/GC,1:A.DC8&1:B.DG13&&1:A.DG9&1:B.DC12,B,"0.400,0.815,3.645","0.792,0.609,-0.037,-0.605,0.791,0.091,0.084,-0.049,0.995"
1zf0,0,10,B,278,CG/GC,1:B.DC12&1:A.DG9&&1:B.DG13&1:A.DC8,B,"-0.679,0.733,3.621","0.792,0.605,-0.084,-0.609,0.791,-0.049,0.037,0.091,0.995"
1zf4,0,6,B,279,CG/GC,1:A.DC2&1:B.DG19&&1:A.DG3&1:B.DC18,.,"-0.931,2.488,3.492","0.816,0.578,0.034,-0.579,0.815,0.027,-0.012,-0.042,0.999"
1zf4,0,6,B,280,CG/GC,1:B.DC18&1:A.DG3&&1:B.DG19&1:A.DC2,.,"-0.798,2.662,3.395","0.816,0.579,0.012,-0.578,0.815,-0.042,-0.034,0.027,0.999"
1zf4,0,6,B,281,GC/AT,1:A.DG3&1:B.DC18&&1:A.DA4&1:B.DT17,B,"-0.722,1.588,3.067","0.745,0.649,-0.152,-0.662,0.748,-0.049,0.082,0.137,0.987"
1zf4,0,6,B,282,TA/CG,1:B.DT17&1:A.DA4&&1:B.DC18&1:A.DG3,B,"-0.026,1.516,3.187","0.745,0.662,-0.082,-0.649,0.748,0.137,0.152,-0.049,0.987"
1zf4,0,6,B,283,AT/TA,1:A.DA4&1:B.DT17&&1:A.DT5&1:B.DA16,B,"0.068,-0.524,3.478","0.877,0.473,-0.091,-0.474,0.880,0.023,0.091,0.024,0.996"
1zf4,0,6,B,284,AT/TA,1:B.DA16&1:A.DT5&&1:B.DT17&1:A.DA4,B,"0.506,-0.416,3.457","0.876,0.473,-0.091,-0.473,0.881,0.024,0.091,0.022,0.996"
1zf4,3,6,B,285,CG/GC,2:A.DC2&2:B.DG19&&2:A.DG3&2:B.DC18,.,"-0.931,2.488,3.492","0.816,0.578,0.034,-0.579,0.815,0.027,-0.012,-0.042,0.999"
1zf4,3,6,B,286,CG/GC,2:B.DC18&2:A.DG3&&2:B.DG19&2:A.DC2,.,"-0.798,2.662,3.395","0.816,0.579,0.012,-0.578,0.815,-0.042,-0.034,0.027,0.999"
1zf4,3,6,B,287,GC/AT,2:A.DG3&2:B.DC18&&2:A.DA4&2:B.DT17,B,"-0.722,1.588,3.067","0.745,0.649,-0.152,-0.662,0.748,-0.049,0.082,0.137,0.987"
1zf4,3,6,B,288,TA/CG,2:B.DT17&2:A.DA4&&2:B.DC18&2:A.DG3,B,"-0.026,1.516,3.187","0.745,0.662,-0.082,-0.649,0.748,0.137,0.152,-0.049,0.987"
1zf4,3,6,B,289,AT/TA,2:A.DA4&2:B.DT17&&2:A.DT5&2:B.DA16,B,"0.068,-0.524,3.478","0.877,0.473,-0.091,-0.474,0.880,0.023,0.091,0.024,0.996"
1zf4,3,6,B,290,AT/TA,2:B.DA16&2:A.DT5&&2:B.DT17&2:A.DA4,B,"0.506,-0.416,3.457","0.876,0.473,-0.091,-0.473,0.881,0.024,0.091,0.022,0.996"
1zf7,0,10,B,291,CG/GC,1:A.DC2&1:B.DG19&&1:A.DG3&1:B.DC18,B,"-0.687,1.115,3.211","0.861,0.495,-0.115,-0.502,0.865,-0.026,0.087,0.079,0.993"
1zf7,0,10,B,292,CG/GC,1:B.DC18&1:A.DG3&&1:B.DG19&1:A.DC2,B,"0.408,1.225,3.218","0.861,0.501,-0.087,-0.496,0.865,0.080,0.115,-0.025,0.993"
1zf7,0,10,B,293,GC/TA,1:A.DG3&1:B.DC18&&1:A.DT4&1:B.DA17,B,"-0.627,-0.623,3.331","0.845,0.533,-0.037,-0.534,0.846,0.013,0.038,0.009,0.999"
1zf7,0,10,B,294,AT/CG,1:B.DA17&1:A.DT4&&1:B.DC18&1:A.DG3,B,"0.986,-0.149,3.299","0.845,0.534,-0.038,-0.533,0.846,0.008,0.037,0.013,0.999"
1zf7,0,10,B,295,TA/CG,1:A.DT4&1:B.DA17&&1:A.DC5&1:B.DG16,B,"0.325,0.718,3.572","0.696,0.702,0.154,-0.711,0.704,0.006,-0.104,-0.113,0.988"
1zf7,0,10,B,296,GC/AT,1:B.DG16&1:A.DC5&&1:B.DA17&1:A.DT4,B,"-1.279,0.296,3.415","0.696,0.711,0.104,-0.701,0.704,-0.113,-0.154,0.006,0.988"
1zf7,0,10,B,297,CG/GC,1:A.DC5&1:B.DG16&&1:A.DG6&1:B.DC15,B,"-0.349,0.895,3.337","0.856,0.490,-0.166,-0.493,0.870,0.030,0.159,0.056,0.986"
1zf7,0,10,B,298,CG/GC,1:B.DC15&1:A.DG6&&1:B.DG16&1:A.DC5,B,"0.413,1.050,3.284","0.855,0.493,-0.159,-0.491,0.870,0.056,0.166,0.030,0.986"
1zf7,0,10,B,299,GC/AT,1:A.DG6&1:B.DC15&&1:A.DA7&1:B.DT14,B,"-0.078,-0.212,3.098","0.857,0.511,-0.074,-0.514,0.857,-0.035,0.046,0.068,0.997"
1zf7,0,10,B,300,TA/CG,1:B.DT14&1:A.DA7&&1:B.DC15&1:A.DG6,B,"0.405,-0.250,3.070","0.856,0.514,-0.046,-0.511,0.857,0.068,0.074,-0.035,0.997"
1zf7,0,10,B,301,AT/CG,1:A.DA7&1:B.DT14&&1:A.DC8&1:B.DG13,.,"-1.303,1.187,3.356","0.663,0.713,0.227,-0.722,0.690,-0.055,-0.195,-0.127,0.972"
1zf7,0,10,B,302,GC/TA,1:B.DG13&1:A.DC8&&1:B.DT14&1:A.DA7,.,"-0.742,1.574,3.368","0.663,0.722,0.195,-0.713,0.690,-0.127,-0.227,-0.055,0.972"
1zf7,0,10,B,303,CG/GC,1:A.DC8&1:B.DG13&&1:A.DG9&1:B.DC12,B,"0.678,0.838,3.176","0.891,0.407,-0.200,-0.411,0.911,0.020,0.190,0.064,0.980"
1zf7,0,10,B,304,CG/GC,1:B.DC12&1:A.DG9&&1:B.DG13&1:A.DC8,B,"-0.311,0.549,3.294","0.891,0.411,-0.190,-0.407,0.911,0.064,0.200,0.020,0.980"
1zfb,0,10,B,305,CG/GC,1:A.DC2&1:B.DG19&&1:A.DG3&1:B.DC18,B,"-0.746,0.743,3.301","0.829,0.537,-0.153,-0.542,0.840,0.012,0.135,0.073,0.988"
1zfb,0,10,B,306,CG/GC,1:B.DC18&1:A.DG3&&1:B.DG19&1:A.DC2,B,"0.726,1.068,3.215","0.830,0.542,-0.135,-0.537,0.840,0.073,0.153,0.012,0.988"
1zfb,0,10,B,307,GC/CG,1:A.DG3&1:B.DC18&&1:A.DC4&1:B.DG17,B,"-0.820,0.098,3.064","0.775,0.632,-0.000,-0.632,0.775,-0.031,-0.019,0.025,1.000"
1zfb,0,10,B,308,GC/CG,1:B.DG17&1:A.DC4&&1:B.DC18&1:A.DG3,B,"0.575,0.498,3.081","0.775,0.632,0.019,-0.632,0.774,0.025,0.001,-0.032,1.000"
1zfb,0,10,B,309,CG/CG,1:A.DC4&1:B.DG17&&1:A.DC5&1:B.DG16,B,"1.070,0.530,3.475","0.841,0.541,-0.015,-0.538,0.839,0.082,0.057,-0.060,0.997"
1zfb,0,10,B,310,GC/GC,1:B.DG16&1:A.DC5&&1:B.DG17&1:A.DC4,B,"-1.134,0.151,3.492","0.841,0.538,-0.057,-0.541,0.839,-0.060,0.015,0.081,0.997"
1zfb,0,10,B,311,CG/GC,1:A.DC5&1:B.DG16&&1:A.DG6&1:B.DC15,B,"0.175,1.156,3.264","0.832,0.534,-0.151,-0.527,0.845,0.089,0.175,0.005,0.985"
1zfb,0,10,B,312,CG/GC,1:B.DC15&1:A.DG6&&1:B.DG16&1:A.DC5,B,"-0.271,1.175,3.251","0.832,0.527,-0.175,-0.534,0.845,0.006,0.150,0.089,0.985"
1zfb,0,10,B,313,GC/GC,1:A.DG6&1:B.DC15&&1:A.DG7&1:B.DC14,B,"-1.597,0.442,3.486","0.813,0.574,-0.100,-0.583,0.798,-0.154,-0.008,0.185,0.983"
1zfb,0,10,B,314,CG/CG,1:B.DC14&1:A.DG7&&1:B.DC15&1:A.DG6,B,"1.395,0.744,3.521","0.812,0.583,0.009,-0.574,0.798,0.184,0.101,-0.155,0.983"
1zfb,0,10,B,315,GC/CG,1:A.DG7&1:B.DC14&&1:A.DC8&1:B.DG13,B,"0.376,0.702,3.447","0.777,0.623,0.096,-0.627,0.779,0.008,-0.069,-0.067,0.995"
1zfb,0,10,B,316,GC/CG,1:B.DG13&1:A.DC8&&1:B.DC14&1:A.DG7,B,"-1.060,0.340,3.358","0.776,0.627,0.069,-0.623,0.779,-0.066,-0.096,0.008,0.995"
1zfb,0,10,B,317,CG/GC,1:A.DC8&1:B.DG13&&1:A.DG9&1:B.DC12,B,"-0.433,0.854,3.228","0.879,0.443,-0.178,-0.438,0.896,0.076,0.193,0.011,0.981"
1zfb,0,10,B,318,CG/GC,1:B.DC12&1:A.DG9&&1:B.DG13&1:A.DC8,B,"0.574,1.200,3.093","0.878,0.438,-0.193,-0.443,0.896,0.011,0.177,0.075,0.981"
1zff,0,10,B,319,CG/GC,1:A.DC2&2:A.DG9&&1:A.DG3&2:A.DC8,.,"0.763,1.656,3.618","0.783,0.622,-0.031,-0.616,0.781,0.103,0.089,-0.062,0.994"
1zff,0,10,B,320,CG/GC,2:A.DC8&1:A.DG3&&2:A.DG9&1:A.DC2,.,"-1.514,1.197,3.562","0.782,0.616,-0.089,-0.622,0.781,-0.061,0.031,0.104,0.994"
1zff,0,10,B,321,GC/AT,1:A.DG3&2:A.DC8&&1:A.DA4&2:A.DT7,.,"0.891,0.543,2.647","0.905,0.416,-0.087,-0.422,0.903,-0.077,0.047,0.106,0.993"
1zff,0,10,B,322,TA/CG,2:A.DT7&1:A.DA4&&2:A.DC8&1:A.DG3,.,"-0.802,-0.089,2.729","0.905,0.422,-0.047,-0.416,0.903,0.106,0.087,-0.077,0.993"
1zff,0,10,B,323,AT/AT,1:A.DA4&2:A.DT7&&1:A.DA5&2:A.DT6,.,"-0.717,-0.031,3.362","0.764,0.644,-0.033,-0.641,0.765,0.059,0.063,-0.023,0.998"
1zff,0,10,B,324,TA/TA,2:A.DT6&1:A.DA5&&2:A.DT7&1:A.DA4,.,"0.680,0.633,3.310","0.765,0.641,-0.063,-0.644,0.765,-0.023,0.033,0.058,0.998"
1zff,0,10,B,325,AT/TA,1:A.DA5&2:A.DT6&&1:A.DT6&2:A.DA5,B,"-0.122,0.312,3.250","0.761,0.649,0.003,-0.649,0.761,-0.001,-0.004,-0.001,1.000"
1zff,0,10,B,326,AT/TA,2:A.DA5&1:A.DT6&&2:A.DT6&1:A.DA5,B,"-0.122,0.312,3.250","0.761,0.649,0.003,-0.649,0.761,-0.001,-0.004,-0.001,1.000"
1zff,0,10,B,327,TA/TA,1:A.DT6&2:A.DA5&&1:A.DT7&2:A.DA4,.,"0.680,0.633,3.310","0.765,0.641,-0.063,-0.644,0.765,-0.023,0.033,0.058,0.998"
1zff,0,10,B,328,AT/AT,2:A.DA4&1:A.DT7&&2:A.DA5&1:A.DT6,.,"-0.717,-0.031,3.362","0.764,0.644,-0.033,-0.641,0.765,0.059,0.063,-0.023,0.998"
1zff,0,10,B,329,TA/CG,1:A.DT7&2:A.DA4&&1:A.DC8&2:A.DG3,.,"-0.802,-0.089,2.729","0.905,0.422,-0.047,-0.416,0.903,0.106,0.087,-0.077,0.993"
1zff,0,10,B,330,GC/AT,2:A.DG3&1:A.DC8&&2:A.DA4&1:A.DT7,.,"0.891,0.543,2.647","0.905,0.416,-0.087,-0.422,0.903,-0.077,0.047,0.106,0.993"
1zff,0,10,B,331,CG/GC,1:A.DC8&2:A.DG3&&1:A.DG9&2:A.DC2,.,"-1.514,1.197,3.562","0.782,0.616,-0.089,-0.622,0.781,-0.061,0.031,0.104,0.994"
1zff,0,10,B,332,CG/GC,2:A.DC2&1:A.DG9&&2:A.DG3&1:A.DC8,.,"0.763,1.656,3.618","0.783,0.622,-0.031,-0.616,0.781,0.103,0.089,-0.062,0.994"
1zfg,0,10,B,333,CG/GC,1:A.DC2&1:B.DG19&&1:A.DG3&1:B.DC18,.,"0.397,1.198,2.900","0.778,0.623,0.080,-0.628,0.776,0.055,-0.028,-0.093,0.995"
1zfg,0,10,B,334,CG/GC,1:B.DC18&1:A.DG3&&1:B.DG19&1:A.DC2,.,"-1.288,0.841,2.764","0.778,0.628,0.028,-0.623,0.776,-0.093,-0.080,0.055,0.995"
1zfg,0,10,B,335,GC/AT,1:A.DG3&1:B.DC18&&1:A.DA4&1:B.DT17,B,"-0.836,-0.006,3.297","0.802,0.554,-0.223,-0.567,0.824,0.011,0.190,0.118,0.975"
1zfg,0,10,B,336,TA/CG,1:B.DT17&1:A.DA4&&1:B.DC18&1:A.DG3,B,"1.410,0.504,3.054","0.802,0.567,-0.190,-0.555,0.824,0.118,0.223,0.010,0.975"
1zfg,0,10,B,337,AT/GC,1:A.DA4&1:B.DT17&&1:A.DG5&1:B.DC16,B,"0.219,-0.711,3.603","0.847,0.525,0.088,-0.530,0.846,0.053,-0.046,-0.091,0.995"
1zfg,0,10,B,338,CG/TA,1:B.DC16&1:A.DG5&&1:B.DT17&1:A.DA4,B,"-0.129,-0.527,3.638","0.846,0.530,0.046,-0.525,0.846,-0.091,-0.088,0.053,0.995"
1zfg,0,10,B,339,GC/CG,1:A.DG5&1:B.DC16&&1:A.DC6&1:B.DG15,.,"-1.653,-0.761,2.839","0.708,0.705,-0.047,-0.706,0.705,-0.064,-0.011,0.078,0.997"
1zfg,0,10,B,340,GC/CG,1:B.DG15&1:A.DC6&&1:B.DC16&1:A.DG5,.,"1.841,0.451,2.789","0.708,0.706,0.011,-0.705,0.705,0.078,0.047,-0.064,0.997"
1zfg,0,10,B,341,CG/TA,1:A.DC6&1:B.DG15&&1:A.DT7&1:B.DA14,.,"1.908,0.381,3.496","0.865,0.475,0.160,-0.495,0.860,0.126,-0.077,-0.188,0.979"
1zfg,0,10,B,342,AT/GC,1:B.DA14&1:A.DT7&&1:B.DG15&1:A.DC6,.,"-2.390,-0.175,3.205","0.865,0.495,0.077,-0.475,0.860,-0.188,-0.159,0.126,0.979"
1zfg,0,10,B,343,TA/CG,1:A.DT7&1:B.DA14&&1:A.DC8&1:B.DG13,.,"0.360,1.345,3.548","0.744,0.596,-0.302,-0.570,0.802,0.179,0.349,0.039,0.936"
1zfg,0,10,B,344,GC/AT,1:B.DG13&1:A.DC8&&1:B.DA14&1:A.DT7,.,"0.003,1.510,3.500","0.744,0.570,-0.349,-0.596,0.802,0.039,0.302,0.179,0.936"
1zfg,0,10,B,345,CG/GC,1:A.DC8&1:B.DG13&&1:A.DG9&1:B.DC12,.,"-1.019,2.215,4.215","0.732,0.654,-0.192,-0.658,0.751,0.049,0.176,0.090,0.980"
1zfg,0,10,B,346,CG/GC,1:B.DC12&1:A.DG9&&1:B.DG13&1:A.DC8,.,"0.104,2.542,4.152","0.732,0.658,-0.176,-0.654,0.751,0.090,0.192,0.049,0.980"
251d,0,6,B,347,TA/CG,1:A.DT2&2:A.DA5&&1:A.DC3&2:A.DG4,B,"0.328,0.309,3.177","0.791,0.611,-0.022,-0.607,0.790,0.087,0.069,-0.056,0.996"
251d,0,6,B,348,GC/AT,2:A.DG4&1:A.DC3&&2:A.DA5&1:A.DT2,B,"-0.380,0.320,3.170","0.791,0.607,-0.070,-0.610,0.790,-0.056,0.021,0.087,0.996"
251d,0,6,B,349,CG/GC,1:A.DC3&2:A.DG4&&1:A.DG4&2:A.DC3,B,"-0.262,1.008,3.577","0.819,0.573,-0.028,-0.574,0.819,0.009,0.028,0.009,1.000"
251d,0,6,B,350,CG/GC,2:A.DC3&1:A.DG4&&2:A.DG4&1:A.DC3,B,"-0.262,1.008,3.577","0.819,0.573,-0.028,-0.574,0.819,0.009,0.028,0.009,1.000"
251d,0,6,B,351,GC/AT,1:A.DG4&2:A.DC3&&1:A.DA5&2:A.DT2,B,"-0.380,0.320,3.170","0.791,0.607,-0.070,-0.610,0.790,-0.056,0.021,0.087,0.996"
251d,0,6,B,352,TA/CG,2:A.DT2&1:A.DA5&&2:A.DC3&1:A.DG4,B,"0.328,0.309,3.177","0.791,0.611,-0.022,-0.607,0.790,0.087,0.069,-0.056,0.996"
2fih,0,12,B,353,GC/CG,1:A.DG2&1:B.DC123&&1:A.DC3&1:B.DG122,B,"0.140,0.448,3.668","0.732,0.665,0.145,-0.675,0.738,0.022,-0.093,-0.114,0.989"
2fih,0,12,B,354,GC/CG,1:B.DG122&1:A.DC3&&1:B.DC123&1:A.DG2,B,"-0.933,0.315,3.564","0.732,0.675,0.093,-0.665,0.738,-0.114,-0.145,0.021,0.989"
2fih,0,12,B,355,CG/GC,1:A.DC3&1:B.DG122&&1:A.DG4&1:B.DC121,B,"-0.122,0.578,3.104","0.884,0.439,-0.163,-0.433,0.899,0.071,0.178,0.008,0.984"
2fih,0,12,B,356,CG/GC,1:B.DC121&1:A.DG4&&1:B.DG122&1:A.DC3,B,"0.361,0.793,3.037","0.884,0.433,-0.178,-0.438,0.899,0.008,0.163,0.071,0.984"
2fih,0,12,B,357,GC/AT,1:A.DG4&1:B.DC121&&1:A.DA5&1:B.DT120,B,"0.181,-0.112,3.378","0.772,0.633,-0.047,-0.634,0.773,0.018,0.048,0.016,0.999"
2fih,0,12,B,358,TA/CG,1:B.DT120&1:A.DA5&&1:B.DC121&1:A.DG4,B,"0.090,-0.140,3.381","0.772,0.634,-0.048,-0.634,0.773,0.016,0.047,0.018,0.999"
2fih,0,12,B,359,TA/CG,1:A.DT8&1:B.DA117&&1:A.DC9&1:B.DG116,B,"-0.121,-0.285,3.504","0.728,0.685,0.009,-0.685,0.728,-0.019,-0.020,0.008,1.000"
2fih,0,12,B,360,GC/AT,1:B.DG116&1:A.DC9&&1:B.DA117&1:A.DT8,B,"0.252,-0.192,3.503","0.728,0.685,0.019,-0.685,0.728,0.008,-0.009,-0.019,1.000"
2fih,0,12,B,361,CG/GC,1:A.DC9&1:B.DG116&&1:A.DG10&1:B.DC115,B,"0.466,0.940,2.915","0.899,0.429,-0.082,-0.434,0.900,-0.040,0.057,0.072,0.996"
2fih,0,12,B,362,CG/GC,1:B.DC115&1:A.DG10&&1:B.DG116&1:A.DC9,B,"-0.584,0.526,2.996","0.899,0.434,-0.057,-0.429,0.900,0.072,0.082,-0.040,0.996"
2fih,0,12,B,363,GC/CG,1:A.DG10&1:B.DC115&&1:A.DC11&1:B.DG114,B,"-1.700,0.027,3.276","0.717,0.679,0.158,-0.670,0.734,-0.116,-0.194,-0.023,0.981"
2fih,0,12,B,364,GC/CG,1:B.DG114&1:A.DC11&&1:B.DC115&1:A.DG10,B,"0.684,0.779,3.542","0.717,0.670,0.194,-0.679,0.734,-0.022,-0.158,-0.116,0.981"
2fii,0,12,B,365,GC/CG,1:A.DG2&1:B.DC123&&1:A.DC3&1:B.DG122,B,"0.218,0.452,3.630","0.739,0.663,0.120,-0.669,0.744,0.006,-0.085,-0.084,0.993"
2fii,0,12,B,366,GC/CG,1:B.DG122&1:A.DC3&&1:B.DC123&1:A.DG2,B,"-0.894,0.212,3.548","0.739,0.669,0.085,-0.663,0.744,-0.085,-0.119,0.006,0.993"
2fii,0,12,B,367,CG/GC,1:A.DC3&1:B.DG122&&1:A.DG4&1:B.DC121,B,"-0.179,0.569,3.028","0.882,0.446,-0.153,-0.442,0.895,0.060,0.163,0.015,0.987"
2fii,0,12,B,368,CG/GC,1:B.DC121&1:A.DG4&&1:B.DG122&1:A.DC3,B,"0.366,0.769,2.967","0.882,0.442,-0.163,-0.446,0.895,0.015,0.153,0.059,0.987"
2fii,0,12,B,369,AT/TA,1:A.DA6&1:B.DT119&&1:A.DT7&1:B.DA118,B,"0.090,-0.553,3.191","0.851,0.525,0.015,-0.525,0.851,-0.009,-0.018,-0.001,1.000"
2fii,0,12,B,370,AT/TA,1:B.DA118&1:A.DT7&&1:B.DT119&1:A.DA6,B,"0.165,-0.546,3.189","0.851,0.525,0.018,-0.525,0.851,-0.001,-0.015,-0.008,1.000"
2fii,0,12,B,371,CG/GC,1:A.DC9&1:B.DG116&&1:A.DG10&1:B.DC115,B,"0.461,0.943,2.856","0.896,0.438,-0.075,-0.442,0.896,-0.046,0.048,0.074,0.996"
2fii,0,12,B,372,CG/GC,1:B.DC115&1:A.DG10&&1:B.DG116&1:A.DC9,B,"-0.611,0.511,2.936","0.896,0.442,-0.047,-0.438,0.896,0.074,0.076,-0.045,0.996"
2fii,0,12,B,373,GC/CG,1:A.DG10&1:B.DC115&&1:A.DC11&1:B.DG114,B,"-1.687,0.023,3.316","0.711,0.681,0.174,-0.679,0.729,-0.085,-0.185,-0.058,0.981"
2fii,0,12,B,374,GC/CG,1:B.DG114&1:A.DC11&&1:B.DC115&1:A.DG10,B,"0.606,0.879,3.564","0.711,0.679,0.185,-0.681,0.730,-0.058,-0.174,-0.085,0.981"
2p8d,0,12,B,375,GC/CG,1:A.DG2&2:A.DC11&&1:A.DC3&2:A.DG10,B,"0.304,0.732,3.465","0.741,0.660,0.126,-0.667,0.745,0.021,-0.080,-0.099,0.992"
2p8d,0,12,B,376,GC/CG,2:A.DG10&1:A.DC3&&2:A.DC11&1:A.DG2,B,"-1.145,0.414,3.339","0.741,0.667,0.080,-0.660,0.745,-0.100,-0.126,0.021,0.992"
2p8d,0,12,B,377,CG/GC,1:A.DC3&2:A.DG10&&1:A.DG4&2:A.DC9,B,"-0.376,0.800,3.007","0.892,0.437,-0.115,-0.433,0.899,0.058,0.129,-0.002,0.992"
2p8d,0,12,B,378,CG/GC,2:A.DC9&1:A.DG4&&2:A.DG10&1:A.DC3,B,"0.333,1.058,2.931","0.892,0.433,-0.129,-0.437,0.900,-0.002,0.115,0.059,0.992"
2p8d,0,12,B,379,GC/AT,1:A.DG4&2:A.DC9&&1:A.DA5&2:A.DT8,B,"0.513,0.075,3.355","0.793,0.607,-0.047,-0.604,0.794,0.064,0.076,-0.022,0.997"
2p8d,0,12,B,380,TA/CG,2:A.DT8&1:A.DA5&&2:A.DC9&1:A.DG4,B,"-0.294,-0.037,3.382","0.793,0.604,-0.076,-0.607,0.794,-0.022,0.047,0.064,0.997"
2p8d,0,12,B,381,TA/CG,1:A.DT8&2:A.DA5&&1:A.DC9&2:A.DG4,B,"-0.294,-0.037,3.382","0.793,0.604,-0.076,-0.607,0.794,-0.022,0.047,0.064,0.997"
2p8d,0,12,B,382,GC/AT,2:A.DG4&1:A.DC9&&2:A.DA5&1:A.DT8,B,"0.513,0.075,3.355","0.793,0.607,-0.047,-0.604,0.794,0.064,0.076,-0.022,0.997"
2p8d,0,12,B,383,CG/GC,1:A.DC9&2:A.DG4&&1:A.DG10&2:A.DC3,B,"0.333,1.058,2.931","0.892,0.433,-0.130,-0.437,0.900,-0.002,0.115,0.059,0.992"
2p8d,0,12,B,384,CG/GC,2:A.DC3&1:A.DG10&&2:A.DG4&1:A.DC9,B,"-0.375,0.800,3.007","0.892,0.437,-0.116,-0.433,0.900,0.059,0.130,-0.002,0.992"
2p8d,0,12,B,385,GC/CG,1:A.DG10&2:A.DC3&&1:A.DC11&2:A.DG2,B,"-1.147,0.414,3.339","0.741,0.667,0.081,-0.660,0.745,-0.100,-0.126,0.021,0.992"
2p8d,0,12,B,386,GC/CG,2:A.DG2&1:A.DC11&&2:A.DC3&1:A.DG10,B,"0.304,0.732,3.465","0.741,0.660,0.127,-0.667,0.745,0.021,-0.080,-0.099,0.992"
307d,0,10,B,387,AT/AT,1:A.DA2&1:B.DT19&&1:A.DA3&1:B.DT18,B,"-0.023,0.271,3.218","0.829,0.548,-0.108,-0.551,0.834,0.007,0.094,0.055,0.994"
307d,0,10,B,388,TA/TA,1:B.DT18&1:A.DA3&&1:B.DT19&1:A.DA2,B,"0.220,0.258,3.212","0.829,0.552,-0.094,-0.548,0.834,0.055,0.109,0.006,0.994"
307d,0,10,B,389,AT/AT,1:A.DA3&1:B.DT18&&1:A.DA4&1:B.DT17,B,"0.283,-0.151,3.090","0.863,0.503,-0.050,-0.506,0.859,-0.079,0.004,0.093,0.996"
307d,0,10,B,390,TA/TA,1:B.DT17&1:A.DA4&&1:B.DT18&1:A.DA3,B,"-0.012,-0.516,3.064","0.863,0.506,-0.004,-0.503,0.859,0.094,0.050,-0.078,0.996"
307d,0,10,B,391,AT/GC,1:A.DA4&1:B.DT17&&1:A.DG5&1:B.DC16,B,"0.358,-0.633,3.342","0.849,0.527,-0.026,-0.527,0.850,0.023,0.034,-0.006,0.999"
307d,0,10,B,392,CG/TA,1:B.DC16&1:A.DG5&&1:B.DT17&1:A.DA4,B,"0.116,-0.650,3.356","0.849,0.527,-0.034,-0.527,0.850,-0.006,0.026,0.023,0.999"
307d,0,10,B,393,GC/AT,1:A.DG5&1:B.DC16&&1:A.DA6&1:B.DT15,B,"-0.143,-0.510,3.440","0.769,0.633,0.084,-0.636,0.772,0.007,-0.060,-0.059,0.996"
307d,0,10,B,394,TA/CG,1:B.DT15&1:A.DA6&&1:B.DC16&1:A.DG5,B,"0.144,-0.278,3.466","0.769,0.636,0.060,-0.633,0.772,-0.059,-0.084,0.007,0.996"
307d,0,10,B,395,AT/AT,1:A.DA6&1:B.DT15&&1:A.DA7&1:B.DT14,B,"0.033,-0.520,3.144","0.809,0.587,0.033,-0.588,0.809,0.028,-0.010,-0.043,0.999"
307d,0,10,B,396,TA/TA,1:B.DT14&1:A.DA7&&1:B.DT15&1:A.DA6,B,"0.174,-0.351,3.163","0.809,0.588,0.010,-0.587,0.808,-0.042,-0.034,0.028,0.999"
307d,0,10,B,397,AT/AT,1:A.DA7&1:B.DT14&&1:A.DA8&1:B.DT13,B,"-0.103,-0.283,3.254","0.805,0.593,0.026,-0.592,0.805,-0.045,-0.047,0.021,0.999"
307d,0,10,B,398,TA/TA,1:B.DT13&1:A.DA8&&1:B.DT14&1:A.DA7,B,"0.168,-0.313,3.249","0.805,0.592,0.047,-0.593,0.805,0.021,-0.025,-0.045,0.999"
307d,0,10,B,399,AT/AT,1:A.DA8&1:B.DT13&&1:A.DA9&1:B.DT12,B,"0.440,-0.127,3.052","0.811,0.585,-0.002,-0.584,0.810,-0.056,-0.032,0.046,0.998"
307d,0,10,B,400,TA/TA,1:B.DT12&1:A.DA9&&1:B.DT13&1:A.DA8,B,"-0.279,-0.532,3.027","0.811,0.584,0.032,-0.585,0.810,0.046,0.001,-0.056,0.998"
3bse,0,16,B,401,CG/TA,1:A.DC4&1:B.DG35&&1:A.DT5&1:B.DA34,B,"-0.356,-0.462,3.206","0.872,0.489,-0.004,-0.489,0.872,0.028,0.018,-0.023,1.000"
3bse,0,16,B,402,AT/GC,1:B.DA34&1:A.DT5&&1:B.DG35&1:A.DC4,B,"0.550,-0.137,3.208","0.872,0.489,-0.018,-0.489,0.872,-0.023,0.004,0.028,1.000"
3bse,0,16,B,403,TA/AT,1:A.DT5&1:B.DA34&&1:A.DA6&1:B.DT33,B,"0.137,1.218,3.540","0.747,0.663,-0.049,-0.660,0.747,0.079,0.089,-0.026,0.996"
3bse,0,16,B,404,TA/AT,1:B.DT33&1:A.DA6&&1:B.DA34&1:A.DT5,B,"-0.736,1.099,3.505","0.747,0.659,-0.089,-0.664,0.747,-0.026,0.049,0.078,0.996"
3bse,0,16,B,405,AT/CG,1:A.DA6&1:B.DT33&&1:A.DC7&1:B.DG32,B,"0.638,-0.049,3.066","0.926,0.371,-0.078,-0.370,0.929,0.017,0.078,0.012,0.997"
3bse,0,16,B,406,GC/TA,1:B.DG32&1:A.DC7&&1:B.DT33&1:A.DA6,B,"-0.334,-0.228,3.105","0.926,0.370,-0.078,-0.370,0.929,0.013,0.078,0.017,0.997"
3bse,0,16,B,407,CG/AT,1:A.DC7&1:B.DG32&&1:A.DA8&1:B.DT31,.,"-1.001,1.845,3.305","0.669,0.739,0.077,-0.742,0.670,0.016,-0.039,-0.068,0.997"
3bse,0,16,B,408,TA/GC,1:B.DT31&1:A.DA8&&1:B.DG32&1:A.DC7,.,"-0.947,2.032,3.210","0.669,0.742,0.040,-0.739,0.670,-0.068,-0.076,0.016,0.997"
3bse,0,16,B,409,AT/AT,1:A.DA8&1:B.DT31&&1:A.DA9&1:B.DT30,B,"0.107,0.162,3.373","0.847,0.527,-0.067,-0.528,0.849,-0.008,0.053,0.042,0.998"
3bse,0,16,B,410,TA/TA,1:B.DT30&1:A.DA9&&1:B.DT31&1:A.DA8,B,"0.050,0.054,3.378","0.847,0.529,-0.053,-0.527,0.849,0.042,0.067,-0.008,0.998"
3bse,0,16,B,411,AT/TA,1:A.DA9&1:B.DT30&&1:A.DT10&1:B.DA29,B,"0.561,-0.581,3.319","0.845,0.534,0.029,-0.535,0.845,0.004,-0.022,-0.019,1.000"
3bse,0,16,B,412,AT/TA,1:B.DA29&1:A.DT10&&1:B.DT30&1:A.DA9,B,"-0.260,-0.777,3.317","0.845,0.534,0.022,-0.534,0.845,-0.019,-0.029,0.004,1.000"
3bse,0,16,B,413,TA/GC,1:A.DT10&1:B.DA29&&1:A.DG11&1:B.DC28,B,"0.524,-0.316,3.605","0.782,0.607,-0.141,-0.608,0.793,0.043,0.138,0.052,0.989"
3bse,0,16,B,414,CG/AT,1:B.DC28&1:A.DG11&&1:B.DA29&1:A.DT10,B,"0.291,-0.415,3.621","0.782,0.608,-0.138,-0.607,0.793,0.052,0.141,0.043,0.989"
3bse,0,16,B,415,GC/TA,1:A.DG11&1:B.DC28&&1:A.DT12&1:B.DA27,B,"-0.307,-0.749,3.315","0.839,0.545,0.011,-0.544,0.839,-0.020,-0.020,0.011,1.000"
3bse,0,16,B,416,AT/CG,1:B.DA27&1:A.DT12&&1:B.DC28&1:A.DG11,B,"0.629,-0.527,3.313","0.839,0.544,0.020,-0.545,0.839,0.011,-0.011,-0.020,1.000"
3bse,0,16,B,417,TA/TA,1:A.DT12&1:B.DA27&&1:A.DT13&1:B.DA26,B,"0.037,0.075,3.343","0.850,0.525,-0.041,-0.525,0.851,0.024,0.048,0.002,0.999"
3bse,0,16,B,418,AT/AT,1:B.DA26&1:A.DT13&&1:B.DA27&1:A.DT12,B,"0.067,0.123,3.341","0.850,0.525,-0.048,-0.525,0.851,0.002,0.041,0.024,0.999"
3bse,0,16,B,419,TA/GC,1:A.DT13&1:B.DA26&&1:A.DG14&1:B.DC25,.,"-1.079,1.932,3.166","0.649,0.756,0.080,-0.752,0.654,-0.076,-0.110,-0.012,0.994"
3bse,0,16,B,420,CG/AT,1:B.DC25&1:A.DG14&&1:B.DA26&1:A.DT13,.,"-1.015,1.838,3.242","0.649,0.753,0.110,-0.756,0.654,-0.012,-0.081,-0.075,0.994"
3bse,0,16,B,421,GC/CG,1:A.DG14&1:B.DC25&&1:A.DC15&1:B.DG24,B,"-0.103,-0.232,3.051","0.928,0.365,-0.083,-0.366,0.931,0.001,0.077,0.028,0.997"
3bse,0,16,B,422,GC/CG,1:B.DG24&1:A.DC15&&1:B.DC25&1:A.DG14,B,"0.431,-0.174,3.026","0.928,0.366,-0.077,-0.365,0.931,0.028,0.083,0.001,0.997"
3bse,0,16,B,423,CG/AT,1:A.DC15&1:B.DG24&&1:A.DA16&1:B.DT23,B,"-0.818,0.895,3.388","0.743,0.668,-0.042,-0.670,0.742,-0.025,0.015,0.046,0.999"
3bse,0,16,B,424,TA/GC,1:B.DT23&1:A.DA16&&1:B.DG24&1:A.DC15,B,"0.152,1.129,3.414","0.743,0.670,-0.015,-0.668,0.743,0.046,0.042,-0.025,0.999"
3bse,0,16,B,425,AT/AT,1:A.DA16&1:B.DT23&&1:A.DA17&1:B.DT22,B,"0.642,-0.311,3.412","0.869,0.491,-0.058,-0.491,0.871,0.023,0.062,0.008,0.998"
3bse,0,16,B,426,TA/TA,1:B.DT22&1:A.DA17&&1:B.DT23&1:A.DA16,B,"-0.208,-0.509,3.442","0.869,0.491,-0.061,-0.491,0.871,0.008,0.058,0.023,0.998"
3dnb,0,4,B,427,CG/AT,1:A.DC2&2:A.DG9&&1:A.DA3&2:A.DT8,.,"-1.186,2.443,3.407","0.644,0.752,0.143,-0.756,0.653,-0.031,-0.117,-0.089,0.989"
3dnb,0,4,B,428,TA/GC,2:A.DT8&1:A.DA3&&2:A.DG9&1:A.DC2,.,"-1.562,2.388,3.292","0.644,0.756,0.117,-0.752,0.653,-0.089,-0.143,-0.031,0.989"
3dnb,1,4,B,429,TA/GC,1:A.DT8&2:A.DA3&&1:A.DG9&2:A.DC2,.,"-1.562,2.388,3.292","0.644,0.756,0.117,-0.752,0.653,-0.089,-0.143,-0.031,0.989"
3dnb,1,4,B,430,CG/AT,2:A.DC2&1:A.DG9&&2:A.DA3&1:A.DT8,.,"-1.186,2.443,3.407","0.644,0.752,0.143,-0.756,0.653,-0.031,-0.117,-0.089,0.989"
3ey3,0,12,B,431,GC/CG,1:A.DG102&1:B.DC211&&1:A.DC103&1:B.DG210,B,"1.051,-0.329,3.240","0.830,0.552,-0.082,-0.549,0.834,0.058,0.101,-0.003,0.995"
3ey3,0,12,B,432,GC/CG,1:B.DG210&1:A.DC103&&1:B.DC211&1:A.DG102,B,"-0.425,-0.663,3.331","0.830,0.549,-0.100,-0.552,0.834,-0.003,0.082,0.058,0.995"
3ey3,0,12,B,433,CG/GC,1:A.DC103&1:B.DG210&&1:A.DG104&1:B.DC209,B,"0.400,0.128,2.974","0.853,0.486,-0.191,-0.493,0.870,0.013,0.172,0.083,0.982"
3ey3,0,12,B,434,CG/GC,1:B.DC209&1:A.DG104&&1:B.DG210&1:A.DC103,B,"0.164,-0.048,2.999","0.853,0.493,-0.173,-0.486,0.870,0.083,0.191,0.013,0.982"
3ey3,0,12,B,435,CG/GC,1:A.DC109&1:B.DG204&&1:A.DG110&1:B.DC203,.,"0.190,0.414,2.890","0.836,0.533,-0.130,-0.530,0.846,0.056,0.139,0.022,0.990"
3ey3,0,12,B,436,CG/GC,1:B.DC203&1:A.DG110&&1:B.DG204&1:A.DC109,.,"-0.005,0.410,2.896","0.836,0.530,-0.139,-0.533,0.846,0.022,0.130,0.056,0.990"
3ey3,0,12,B,437,GC/CG,1:A.DG110&1:B.DC203&&1:A.DC111&1:B.DG202,B,"0.097,-0.774,3.430","0.830,0.557,-0.024,-0.556,0.829,0.057,0.052,-0.034,0.998"
3ey3,0,12,B,438,GC/CG,1:B.DG202&1:A.DC111&&1:B.DC203&1:A.DG110,B,"0.434,-0.499,3.455","0.830,0.556,-0.052,-0.558,0.829,-0.034,0.024,0.057,0.998"
3fl6,0,6,B,439,CG/GC,1:A.DC2&1:B.DG6&&1:A.DG3&1:B.DC5,B,"-0.112,0.634,3.062","0.890,0.436,-0.132,-0.430,0.900,0.074,0.150,-0.009,0.989"
3fl6,0,6,B,440,CG/GC,1:B.DC5&1:A.DG3&&1:B.DG6&1:A.DC2,B,"0.226,0.844,3.004","0.890,0.430,-0.151,-0.436,0.900,-0.009,0.132,0.074,0.989"
3ggk,0,10,B,441,CG/AT,1:A.DC2&2:A.DG9&&1:A.DA3&2:A.DT8,.,"-1.156,2.499,3.212","0.633,0.767,0.100,-0.768,0.639,-0.037,-0.092,-0.052,0.994"
3ggk,0,10,B,442,TA/GC,2:A.DT8&1:A.DA3&&2:A.DG9&1:A.DC2,.,"-1.505,2.364,3.169","0.633,0.768,0.092,-0.768,0.639,-0.053,-0.099,-0.037,0.994"
3ggk,0,10,B,443,AT/GC,1:A.DA3&2:A.DT8&&1:A.DG4&2:A.DC7,B,"0.619,0.893,3.037","0.929,0.345,-0.133,-0.354,0.934,-0.048,0.108,0.091,0.990"
3ggk,0,10,B,444,CG/TA,2:A.DC7&1:A.DG4&&2:A.DT8&1:A.DA3,B,"-0.480,0.471,3.154","0.929,0.354,-0.108,-0.345,0.934,0.091,0.133,-0.048,0.990"
3ggk,0,10,B,445,GC/GC,1:A.DG4&2:A.DC7&&1:A.DG5&2:A.DC6,B,"-0.813,0.238,3.482","0.805,0.592,-0.037,-0.594,0.804,-0.026,0.014,0.043,0.999"
3ggk,0,10,B,446,CG/CG,2:A.DC6&1:A.DG5&&2:A.DC7&1:A.DG4,B,"0.642,0.584,3.476","0.805,0.594,-0.015,-0.592,0.804,0.043,0.037,-0.026,0.999"
3ggk,0,10,B,447,GC/CG,1:A.DG5&2:A.DC6&&1:A.DC6&2:A.DG5,B,"0.001,-0.393,3.737","0.685,0.724,0.076,-0.724,0.689,-0.033,-0.075,-0.032,0.997"
3ggk,0,10,B,448,GC/CG,2:A.DG5&1:A.DC6&&2:A.DC6&1:A.DG5,B,"0.001,-0.393,3.737","0.685,0.724,0.076,-0.724,0.689,-0.033,-0.075,-0.032,0.997"
3ggk,0,10,B,449,CG/CG,1:A.DC6&2:A.DG5&&1:A.DC7&2:A.DG4,B,"0.642,0.584,3.476","0.805,0.594,-0.015,-0.592,0.804,0.043,0.037,-0.026,0.999"
3ggk,0,10,B,450,GC/GC,2:A.DG4&1:A.DC7&&2:A.DG5&1:A.DC6,B,"-0.813,0.238,3.482","0.805,0.592,-0.037,-0.594,0.804,-0.026,0.014,0.043,0.999"
3ggk,0,10,B,451,CG/TA,1:A.DC7&2:A.DG4&&1:A.DT8&2:A.DA3,B,"-0.480,0.471,3.154","0.929,0.354,-0.108,-0.345,0.934,0.091,0.133,-0.048,0.990"
3ggk,0,10,B,452,AT/GC,2:A.DA3&1:A.DT8&&2:A.DG4&1:A.DC7,B,"0.619,0.893,3.037","0.929,0.345,-0.133,-0.354,0.934,-0.048,0.108,0.091,0.990"
3ggk,0,10,B,453,TA/GC,1:A.DT8&2:A.DA3&&1:A.DG9&2:A.DC2,.,"-1.505,2.364,3.169","0.633,0.768,0.092,-0.768,0.639,-0.053,-0.099,-0.037,0.994"
3ggk,0,10,B,454,CG/AT,2:A.DC2&1:A.DG9&&2:A.DA3&1:A.DT8,.,"-1.156,2.499,3.212","0.633,0.767,0.100,-0.768,0.639,-0.037,-0.092,-0.052,0.994"
3igt,0,6,B,455,CG/GC,1:A.DC2&1:B.DG19&&1:A.DG3&1:B.DC18,.,"-1.091,2.167,3.634","0.719,0.678,0.150,-0.674,0.734,-0.088,-0.169,-0.037,0.985"
3igt,0,6,B,456,CG/GC,1:B.DC18&1:A.DG3&&1:B.DG19&1:A.DC2,.,"-1.229,2.004,3.684","0.719,0.674,0.169,-0.678,0.734,-0.037,-0.150,-0.089,0.985"
3igt,0,6,B,457,GC/AT,1:A.DG3&1:B.DC18&&1:A.DA4&1:B.DT17,.,"-1.678,0.420,3.805","0.720,0.694,-0.018,-0.690,0.719,0.082,0.070,-0.047,0.996"
3igt,0,6,B,458,TA/CG,1:B.DT17&1:A.DA4&&1:B.DC18&1:A.DG3,.,"0.986,1.771,3.656","0.720,0.690,-0.070,-0.693,0.719,-0.047,0.018,0.082,0.997"
3igt,0,6,B,459,AT/GC,1:A.DA4&1:B.DT17&&1:A.DG5&1:B.DC16,B,"0.698,0.612,3.199","0.814,0.576,0.077,-0.577,0.817,-0.013,-0.071,-0.034,0.997"
3igt,0,6,B,460,CG/TA,1:B.DC16&1:A.DG5&&1:B.DT17&1:A.DA4,B,"-1.167,0.055,3.119","0.814,0.577,0.070,-0.576,0.816,-0.034,-0.077,-0.013,0.997"
3igt,1,4,B,461,CG/TA,1:A.DC8&1:D.DG33&&1:A.DT9&1:D.DA32,B,"0.060,1.123,3.329","0.853,0.506,-0.126,-0.476,0.854,0.208,0.213,-0.118,0.970"
3igt,1,4,B,462,AT/GC,1:D.DA32&1:A.DT9&&1:D.DG33&1:A.DC8,B,"-0.201,1.624,3.109","0.853,0.476,-0.213,-0.506,0.854,-0.118,0.126,0.208,0.970"
3igt,2,4,B,463,TA/CG,1:B.DT12&1:C.DA29&&1:B.DC13&1:C.DG28,.,"0.508,1.206,3.869","0.769,0.637,-0.049,-0.627,0.767,0.139,0.126,-0.075,0.989"
3igt,2,4,B,464,GC/AT,1:C.DG28&1:B.DC13&&1:C.DA29&1:B.DT12,.,"-0.969,1.143,3.800","0.769,0.627,-0.126,-0.637,0.767,-0.076,0.049,0.139,0.989"
3igt,3,6,B,465,CG/GC,1:C.DC22&1:D.DG39&&1:C.DG23&1:D.DC38,.,"-1.006,2.526,3.629","0.743,0.669,-0.001,-0.670,0.743,0.004,0.004,-0.002,1.000"
3igt,3,6,B,466,CG/GC,1:D.DC38&1:C.DG23&&1:D.DG39&1:C.DC22,.,"-0.938,2.565,3.620","0.743,0.669,-0.004,-0.670,0.743,-0.002,0.002,0.004,1.000"
3igt,3,6,B,467,GC/GC,1:C.DG23&1:D.DC38&&1:C.DG24&1:D.DC37,.,"-1.224,1.217,3.401","0.783,0.622,-0.016,-0.618,0.774,-0.138,-0.073,0.118,0.990"
3igt,3,6,B,468,CG/CG,1:D.DC37&1:C.DG24&&1:D.DC38&1:C.DG23,.,"0.256,1.231,3.600","0.783,0.618,0.073,-0.622,0.774,0.118,0.016,-0.138,0.990"
3igt,3,6,B,469,GC/CG,1:C.DG24&1:D.DC37&&1:C.DC25&1:D.DG36,B,"-0.064,0.111,3.036","0.823,0.554,0.122,-0.563,0.825,0.052,-0.072,-0.112,0.991"
3igt,3,6,B,470,GC/CG,1:D.DG36&1:C.DC25&&1:D.DC37&1:C.DG24,B,"-0.380,0.285,3.002","0.823,0.563,0.072,-0.554,0.825,-0.112,-0.122,0.052,0.991"
3tok,0,6,B,471,CG/GC,1:A.DC2&1:B.DG19&&1:A.DG3&1:B.DC18,.,"-0.818,2.440,3.472","0.831,0.555,-0.038,-0.552,0.832,0.058,0.063,-0.027,0.998"
3tok,0,6,B,472,CG/GC,1:B.DC18&1:A.DG3&&1:B.DG19&1:A.DC2,.,"-0.543,2.681,3.346","0.831,0.552,-0.063,-0.555,0.832,-0.027,0.038,0.057,0.998"
3tok,0,6,B,473,GC/AT,1:A.DG3&1:B.DC18&&1:A.DA4&1:B.DT17,B,"-1.764,1.409,3.112","0.745,0.662,-0.080,-0.666,0.729,-0.157,-0.046,0.170,0.984"
3tok,0,6,B,474,TA/CG,1:B.DT17&1:A.DA4&&1:B.DC18&1:A.DG3,B,"0.628,1.714,3.384","0.745,0.665,0.046,-0.663,0.729,0.170,0.079,-0.157,0.984"
3tok,0,6,B,475,AT/TA,1:A.DA4&1:B.DT17&&1:A.DT5&1:B.DA16,B,"-0.074,-0.478,3.265","0.858,0.514,-0.004,-0.514,0.857,0.037,0.023,-0.029,0.999"
3tok,0,6,B,476,AT/TA,1:B.DA16&1:A.DT5&&1:B.DT17&1:A.DA4,B,"0.324,-0.252,3.275","0.858,0.514,-0.023,-0.514,0.857,-0.030,0.005,0.037,0.999"
3tok,3,6,B,477,CG/GC,2:A.DC2&2:B.DG19&&2:A.DG3&2:B.DC18,.,"-0.818,2.440,3.472","0.831,0.555,-0.038,-0.552,0.832,0.058,0.063,-0.027,0.998"
3tok,3,6,B,478,CG/GC,2:B.DC18&2:A.DG3&&2:B.DG19&2:A.DC2,.,"-0.543,2.681,3.346","0.831,0.552,-0.063,-0.555,0.832,-0.027,0.038,0.057,0.998"
3tok,3,6,B,479,GC/AT,2:A.DG3&2:B.DC18&&2:A.DA4&2:B.DT17,B,"-1.764,1.409,3.112","0.745,0.662,-0.080,-0.666,0.729,-0.157,-0.046,0.170,0.984"
3tok,3,6,B,480,TA/CG,2:B.DT17&2:A.DA4&&2:B.DC18&2:A.DG3,B,"0.628,1.714,3.384","0.745,0.665,0.046,-0.663,0.729,0.170,0.079,-0.157,0.984"
3tok,3,6,B,481,AT/TA,2:A.DA4&2:B.DT17&&2:A.DT5&2:B.DA16,B,"-0.074,-0.478,3.265","0.858,0.514,-0.004,-0.514,0.857,0.037,0.023,-0.029,0.999"
3tok,3,6,B,482,AT/TA,2:B.DA16&2:A.DT5&&2:B.DT17&2:A.DA4,B,"0.324,-0.252,3.275","0.858,0.514,-0.023,-0.514,0.857,-0.030,0.005,0.037,0.999"
423d,0,12,B,483,CG/CG,1:A.DC2&1:B.DG23&&1:A.DC3&1:B.DG22,B,"0.566,0.066,3.420","0.825,0.552,-0.122,-0.551,0.833,0.044,0.126,0.031,0.992"
423d,0,12,B,484,GC/GC,1:B.DG22&1:A.DC3&&1:B.DG23&1:A.DC2,B,"-0.087,-0.107,3.464","0.825,0.551,-0.126,-0.552,0.833,0.031,0.122,0.044,0.992"
423d,0,12,B,485,CG/GC,1:A.DC3&1:B.DG22&&1:A.DG4&1:B.DC21,B,"1.004,1.110,3.266","0.829,0.556,-0.062,-0.547,0.829,0.111,0.113,-0.059,0.992"
423d,0,12,B,486,CG/GC,1:B.DC21&1:A.DG4&&1:B.DG22&1:A.DC3,B,"-1.247,0.735,3.288","0.829,0.547,-0.113,-0.556,0.829,-0.059,0.062,0.111,0.992"
423d,0,12,B,487,GC/AT,1:A.DG4&1:B.DC21&&1:A.DA5&1:B.DT20,B,"-1.381,0.797,3.343","0.777,0.625,-0.075,-0.630,0.775,-0.058,0.021,0.093,0.995"
423d,0,12,B,488,TA/CG,1:B.DT20&1:A.DA5&&1:B.DC21&1:A.DG4,B,"0.825,1.291,3.372","0.777,0.629,-0.021,-0.626,0.775,0.092,0.075,-0.058,0.995"
423d,0,12,B,489,AT/CG,1:A.DA5&1:B.DT20&&1:A.DC6&1:B.DG19,B,"0.504,-0.210,3.324","0.823,0.566,-0.047,-0.567,0.824,0.009,0.044,0.019,0.999"
423d,0,12,B,490,GC/TA,1:B.DG19&1:A.DC6&&1:B.DT20&1:A.DA5,B,"-0.140,-0.429,3.338","0.823,0.567,-0.044,-0.566,0.824,0.019,0.047,0.009,0.999"
423d,0,12,B,491,CG/GC,1:A.DC6&1:B.DG19&&1:A.DG7&1:B.DC18,B,"1.068,0.509,3.522","0.807,0.583,-0.089,-0.566,0.809,0.160,0.165,-0.079,0.983"
423d,0,12,B,492,CG/GC,1:B.DC18&1:A.DG7&&1:B.DG19&1:A.DC6,B,"-0.847,0.371,3.599","0.807,0.566,-0.165,-0.583,0.809,-0.079,0.089,0.160,0.983"
423d,0,12,B,493,GC/TA,1:A.DG7&1:B.DC18&&1:A.DT8&1:B.DA17,B,"-0.020,-0.110,2.924","0.890,0.448,-0.080,-0.453,0.890,-0.047,0.050,0.078,0.996"
423d,0,12,B,494,AT/CG,1:B.DA17&1:A.DT8&&1:B.DC18&1:A.DG7,B,"0.302,-0.225,2.902","0.890,0.452,-0.050,-0.448,0.890,0.078,0.080,-0.046,0.996"
423d,0,12,B,495,TA/CG,1:A.DT8&1:B.DA17&&1:A.DC9&1:B.DG16,B,"0.677,-0.031,3.338","0.758,0.652,0.030,-0.653,0.757,0.035,0.000,-0.046,0.999"
423d,0,12,B,496,GC/AT,1:B.DG16&1:A.DC9&&1:B.DA17&1:A.DT8,B,"-0.593,-0.348,3.336","0.757,0.653,0.000,-0.652,0.757,-0.046,-0.030,0.036,0.999"
423d,0,12,B,497,CG/GC,1:A.DC9&1:B.DG16&&1:A.DG10&1:B.DC15,B,"-0.342,0.360,3.222","0.839,0.514,-0.180,-0.513,0.856,0.058,0.183,0.044,0.982"
423d,0,12,B,498,CG/GC,1:B.DC15&1:A.DG10&&1:B.DG16&1:A.DC9,B,"0.681,0.669,3.118","0.839,0.513,-0.183,-0.514,0.857,0.044,0.180,0.058,0.982"
423d,0,12,B,499,GC/GC,1:A.DG10&1:B.DC15&&1:A.DG11&1:B.DC14,B,"0.610,-0.083,3.417","0.818,0.567,-0.092,-0.567,0.823,0.031,0.093,0.026,0.995"
423d,0,12,B,500,CG/CG,1:B.DC14&1:A.DG11&&1:B.DC15&1:A.DG10,B,"-0.139,-0.307,3.456","0.818,0.567,-0.093,-0.567,0.823,0.026,0.092,0.031,0.995"
431d,0,8,B,501,CG/AT,1:A.DC4&1:B.DG19&&1:A.DA5&1:B.DT18,B,"-0.104,0.567,3.633","0.700,0.712,-0.055,-0.712,0.702,0.033,0.062,0.015,0.998"
431d,0,8,B,502,TA/GC,1:B.DT18&1:A.DA5&&1:B.DG19&1:A.DC4,B,"-0.132,0.594,3.628","0.700,0.712,-0.062,-0.712,0.702,0.016,0.055,0.034,0.998"
431d,0,8,B,503,AT/AT,1:A.DA5&1:B.DT18&&1:A.DA6&1:B.DT17,B,"0.357,-0.116,3.299","0.793,0.608,0.035,-0.608,0.794,-0.027,-0.045,0.001,0.999"
431d,0,8,B,504,TA/TA,1:B.DT17&1:A.DA6&&1:B.DT18&1:A.DA5,B,"-0.329,-0.400,3.280","0.793,0.608,0.045,-0.608,0.794,0.000,-0.035,-0.028,0.999"
431d,0,8,B,505,AT/TA,1:A.DA6&1:B.DT17&&1:A.DT7&1:B.DA16,B,"0.326,-0.451,3.238","0.859,0.510,0.056,-0.511,0.859,0.017,-0.039,-0.044,0.998"
431d,0,8,B,506,AT/TA,1:B.DA16&1:A.DT7&&1:B.DT17&1:A.DA6,B,"-0.231,-0.497,3.239","0.859,0.511,0.039,-0.509,0.859,-0.043,-0.056,0.018,0.998"
431d,0,8,B,507,TA/TA,1:A.DT7&1:B.DA16&&1:A.DT8&1:B.DA15,B,"0.221,-0.434,3.383","0.798,0.600,0.061,-0.601,0.799,0.011,-0.042,-0.046,0.998"
431d,0,8,B,508,AT/AT,1:B.DA15&1:A.DT8&&1:B.DA16&1:A.DT7,B,"-0.123,-0.442,3.386","0.798,0.601,0.042,-0.600,0.799,-0.046,-0.061,0.011,0.998"
431d,0,8,B,509,TA/GC,1:A.DT8&1:B.DA15&&1:A.DG9&1:B.DC14,B,"0.375,-0.658,3.486","0.783,0.620,-0.051,-0.616,0.784,0.073,0.085,-0.026,0.996"
431d,0,8,B,510,CG/AT,1:B.DC14&1:A.DG9&&1:B.DA15&1:A.DT8,B,"0.291,-0.490,3.521","0.783,0.616,-0.085,-0.621,0.784,-0.026,0.051,0.073,0.996"
456d,0,4,B,511,GC/CG,1:A.DG2&1:B.DC23&&1:A.DC3&1:B.DG22,B,"0.296,0.437,3.674","0.740,0.667,0.088,-0.668,0.744,-0.013,-0.073,-0.049,0.996"
456d,0,4,B,512,GC/CG,1:B.DG22&1:A.DC3&&1:B.DC23&1:A.DG2,B,"-0.832,0.081,3.617","0.740,0.668,0.074,-0.667,0.744,-0.049,-0.087,-0.013,0.996"
456d,2,4,B,513,GC/CG,1:A.DG10&1:B.DC15&&1:A.DC11&1:B.DG14,B,"-1.789,0.006,3.290","0.708,0.687,0.163,-0.670,0.727,-0.149,-0.222,-0.004,0.975"
456d,2,4,B,514,GC/CG,1:B.DG14&1:A.DC11&&1:B.DC15&1:A.DG10,B,"0.726,0.712,3.604","0.709,0.670,0.221,-0.687,0.727,-0.004,-0.163,-0.149,0.975"
476d,0,10,B,515,CG/GC,1:A.DC3&1:B.DG22&&1:A.DG4&1:B.DC21,B,"-0.250,0.655,3.000","0.894,0.434,-0.108,-0.431,0.901,0.048,0.119,0.004,0.993"
476d,0,10,B,516,CG/GC,1:B.DC21&1:A.DG4&&1:B.DG22&1:A.DC3,B,"0.265,0.841,2.951","0.894,0.431,-0.119,-0.434,0.901,0.004,0.109,0.048,0.993"
476d,0,10,B,517,GC/AT,1:A.DG4&1:B.DC21&&1:A.DA5&1:B.DT20,B,"-0.212,-0.056,3.342","0.778,0.627,-0.037,-0.627,0.779,0.008,0.034,0.017,0.999"
476d,0,10,B,518,TA/CG,1:B.DT20&1:A.DA5&&1:B.DC21&1:A.DG4,B,"0.325,0.117,3.331","0.778,0.627,-0.035,-0.627,0.779,0.017,0.037,0.008,0.999"
476d,0,10,B,519,AT/AT,1:A.DA5&1:B.DT20&&1:A.DA6&1:B.DT19,B,"0.027,-0.040,3.294","0.784,0.620,-0.027,-0.620,0.783,-0.051,-0.010,0.057,0.998"
476d,0,10,B,520,TA/TA,1:B.DT19&1:A.DA6&&1:B.DT20&1:A.DA5,B,"0.094,-0.215,3.286","0.784,0.620,0.010,-0.619,0.783,0.057,0.027,-0.051,0.998"
476d,0,10,B,521,AT/TA,1:A.DA6&1:B.DT19&&1:A.DT7&1:B.DA18,B,"0.028,-0.561,3.286","0.828,0.559,0.053,-0.559,0.829,-0.018,-0.055,-0.014,0.998"
476d,0,10,B,522,AT/TA,1:B.DA18&1:A.DT7&&1:B.DT19&1:A.DA6,B,"0.117,-0.542,3.287","0.828,0.559,0.054,-0.559,0.829,-0.014,-0.053,-0.019,0.998"
476d,0,10,B,523,TA/TA,1:A.DT7&1:B.DA18&&1:A.DT8&1:B.DA17,B,"0.167,-0.303,3.198","0.794,0.608,0.029,-0.608,0.793,0.041,0.002,-0.049,0.999"
476d,0,10,B,524,AT/AT,1:B.DA17&1:A.DT8&&1:B.DA18&1:A.DT7,B,"-0.039,-0.213,3.209","0.794,0.608,-0.002,-0.608,0.793,-0.049,-0.028,0.041,0.999"
476d,0,10,B,525,TA/CG,1:A.DT8&1:B.DA17&&1:A.DC9&1:B.DG16,B,"0.317,0.042,3.471","0.757,0.653,0.007,-0.653,0.758,-0.009,-0.011,0.003,1.000"
476d,0,10,B,526,GC/AT,1:B.DG16&1:A.DC9&&1:B.DA17&1:A.DT8,B,"-0.291,-0.209,3.467","0.757,0.653,0.011,-0.653,0.757,0.003,-0.007,-0.010,1.000"
476d,0,10,B,527,CG/GC,1:A.DC9&1:B.DG16&&1:A.DG10&1:B.DC15,B,"0.121,0.477,3.044","0.859,0.511,-0.039,-0.512,0.859,-0.009,0.028,0.028,0.999"
476d,0,10,B,528,CG/GC,1:B.DC15&1:A.DG10&&1:B.DG16&1:A.DC9,B,"-0.230,0.320,3.058","0.859,0.511,-0.029,-0.511,0.859,0.028,0.038,-0.009,0.999"
477d,0,10,B,529,CG/GC,1:A.DC3&1:B.DG22&&1:A.DG4&1:B.DC21,B,"-0.233,0.649,3.213","0.888,0.440,-0.133,-0.431,0.897,0.097,0.162,-0.029,0.986"
477d,0,10,B,530,CG/GC,1:B.DC21&1:A.DG4&&1:B.DG22&1:A.DC3,B,"0.347,0.994,3.113","0.888,0.431,-0.162,-0.440,0.897,-0.029,0.133,0.097,0.986"
477d,0,10,B,531,GC/AT,1:A.DG4&1:B.DC21&&1:A.DA5&1:B.DT20,B,"-0.132,0.059,3.118","0.786,0.617,-0.046,-0.618,0.785,-0.025,0.021,0.048,0.999"
477d,0,10,B,532,TA/CG,1:B.DT20&1:A.DA5&&1:B.DC21&1:A.DG4,B,"0.211,0.051,3.114","0.786,0.618,-0.021,-0.617,0.786,0.048,0.046,-0.024,0.999"
477d,0,10,B,533,AT/AT,1:A.DA5&1:B.DT20&&1:A.DA6&1:B.DT19,B,"-0.317,-0.057,3.311","0.775,0.632,0.001,-0.633,0.774,-0.029,-0.018,0.023,1.000"
477d,0,10,B,534,TA/TA,1:B.DT19&1:A.DA6&&1:B.DT20&1:A.DA5,B,"0.280,0.059,3.314","0.774,0.633,0.018,-0.632,0.774,0.022,-0.000,-0.029,1.000"
477d,0,10,B,535,AT/TA,1:A.DA6&1:B.DT19&&1:A.DT7&1:B.DA18,B,"0.079,-0.431,3.192","0.805,0.592,0.037,-0.591,0.806,-0.014,-0.038,-0.009,0.999"
477d,0,10,B,536,AT/TA,1:B.DA18&1:A.DT7&&1:B.DT19&1:A.DA6,B,"0.075,-0.441,3.190","0.805,0.592,0.038,-0.591,0.806,-0.010,-0.037,-0.015,0.999"
477d,0,10,B,537,TA/TA,1:A.DT7&1:B.DA18&&1:A.DT8&1:B.DA17,B,"0.265,-0.048,3.285","0.817,0.577,0.008,-0.577,0.817,0.015,0.003,-0.017,1.000"
477d,0,10,B,538,AT/AT,1:B.DA17&1:A.DT8&&1:B.DA18&1:A.DT7,B,"-0.214,-0.142,3.286","0.817,0.577,-0.003,-0.577,0.817,-0.017,-0.008,0.015,1.000"
477d,0,10,B,539,TA/CG,1:A.DT8&1:B.DA17&&1:A.DC9&1:B.DG16,B,"0.140,0.084,3.571","0.756,0.654,-0.030,-0.656,0.755,-0.021,0.009,0.036,0.999"
477d,0,10,B,540,GC/AT,1:B.DG16&1:A.DC9&&1:B.DA17&1:A.DT8,B,"-0.054,-0.104,3.573","0.755,0.655,-0.009,-0.655,0.755,0.036,0.030,-0.021,0.999"
477d,0,10,B,541,CG/GC,1:A.DC9&1:B.DG16&&1:A.DG10&1:B.DC15,B,"0.216,0.854,2.998","0.906,0.408,-0.111,-0.411,0.912,-0.006,0.099,0.051,0.994"
477d,0,10,B,542,CG/GC,1:B.DC15&1:A.DG10&&1:B.DG16&1:A.DC9,B,"-0.211,0.672,3.044","0.906,0.411,-0.099,-0.407,0.912,0.051,0.111,-0.006,0.994"
4ez2,0,4,B,543,CG/GC,1:A.DC2&1:B.DG19&&1:A.DG3&1:B.DC18,.,"-1.384,2.687,3.487","0.725,0.686,0.053,-0.685,0.727,-0.039,-0.065,-0.007,0.998"
4ez2,0,4,B,544,CG/GC,1:B.DC18&1:A.DG3&&1:B.DG19&1:A.DC2,.,"-1.022,2.767,3.549","0.725,0.685,0.065,-0.686,0.728,-0.007,-0.052,-0.039,0.998"
4ez2,1,4,B,545,CG/GC,1:A.DC8&2:B.DG13&&1:A.DG9&2:B.DC12,.,"-1.073,2.608,3.290","0.796,0.605,0.004,-0.605,0.796,-0.023,-0.018,0.016,1.000"
4ez2,1,4,B,546,CG/GC,2:B.DC12&1:A.DG9&&2:B.DG13&1:A.DC8,.,"-0.737,2.647,3.350","0.796,0.605,0.017,-0.605,0.796,0.016,-0.004,-0.024,1.000"
4ez2,2,4,B,547,CG/GC,1:B.DC12&2:A.DG9&&1:B.DG13&2:A.DC8,.,"-0.737,2.647,3.350","0.796,0.605,0.017,-0.605,0.796,0.016,-0.004,-0.024,1.000"
4ez2,2,4,B,548,CG/GC,2:A.DC8&1:B.DG13&&2:A.DG9&1:B.DC12,.,"-1.073,2.608,3.290","0.796,0.605,0.004,-0.605,0.796,-0.023,-0.018,0.016,1.000"
4ez2,3,4,B,549,CG/GC,2:A.DC2&2:B.DG19&&2:A.DG3&2:B.DC18,.,"-1.384,2.687,3.487","0.725,0.686,0.053,-0.685,0.727,-0.039,-0.065,-0.007,0.998"
4ez2,3,4,B,550,CG/GC,2:B.DC18&2:A.DG3&&2:B.DG19&2:A.DC2,.,"-1.022,2.767,3.549","0.725,0.685,0.065,-0.686,0.728,-0.007,-0.052,-0.039,0.998"
4f2x,0,6,B,551,CG/GC,1:A.DC2&1:B.DG6&&1:A.DG3&1:B.DC5,B,"-0.128,0.742,3.041","0.898,0.430,-0.096,-0.428,0.903,0.046,0.106,0.000,0.994"
4f2x,0,6,B,552,CG/GC,1:B.DC5&1:A.DG3&&1:B.DG6&1:A.DC2,B,"0.087,0.862,3.011","0.898,0.428,-0.106,-0.431,0.902,0.000,0.096,0.045,0.994"
4gre,0,6,B,553,CG/GC,1:A.DC2&1:B.DG19&&1:A.DG3&1:B.DC18,.,"-0.627,2.770,2.895","0.819,0.572,0.057,-0.566,0.819,-0.090,-0.098,0.041,0.994"
4gre,0,6,B,554,CG/GC,1:B.DC18&1:A.DG3&&1:B.DG19&1:A.DC2,.,"-1.236,2.365,3.054","0.818,0.566,0.098,-0.572,0.819,0.041,-0.057,-0.090,0.994"
4gre,0,6,B,555,GC/GC,1:A.DG3&1:B.DC18&&1:A.DG4&1:B.DC17,B,"-1.003,0.959,3.965","0.782,0.604,-0.152,-0.600,0.796,0.074,0.165,0.033,0.986"
4gre,0,6,B,556,CG/CG,1:B.DC17&1:A.DG4&&1:B.DC18&1:A.DG3,B,"0.807,1.659,3.775","0.782,0.601,-0.165,-0.604,0.796,0.033,0.152,0.074,0.986"
4gre,0,6,B,557,GC/TA,1:A.DG4&1:B.DC17&&1:A.DT5&1:B.DA16,B,"0.116,0.353,3.377","0.786,0.617,-0.020,-0.617,0.787,0.006,0.020,0.007,1.000"
4gre,0,6,B,558,AT/CG,1:B.DA16&1:A.DT5&&1:B.DC17&1:A.DG4,B,"-0.241,0.228,3.381","0.786,0.618,-0.019,-0.617,0.787,0.008,0.020,0.007,1.000"
4gre,1,4,B,559,CG/GC,1:A.DC8&2:B.DG13&&1:A.DG9&2:B.DC12,.,"-1.316,2.807,3.536","0.747,0.665,-0.010,-0.665,0.746,-0.033,-0.014,0.031,0.999"
4gre,1,4,B,560,CG/GC,2:B.DC12&1:A.DG9&&2:B.DG13&1:A.DC8,.,"-0.847,2.854,3.640","0.747,0.665,0.014,-0.665,0.746,0.031,0.010,-0.033,0.999"
4gre,2,4,B,561,CG/GC,1:B.DC12&2:A.DG9&&1:B.DG13&2:A.DC8,.,"-0.847,2.854,3.639","0.747,0.665,0.014,-0.665,0.746,0.031,0.010,-0.033,0.999"
4gre,2,4,B,562,CG/GC,2:A.DC8&1:B.DG13&&2:A.DG9&1:B.DC12,.,"-1.316,2.807,3.535","0.747,0.665,-0.010,-0.665,0.746,-0.033,-0.014,0.031,0.999"
4gre,3,6,B,563,CG/GC,2:A.DC2&2:B.DG19&&2:A.DG3&2:B.DC18,.,"-0.627,2.770,2.896","0.819,0.572,0.057,-0.566,0.820,-0.090,-0.098,0.041,0.994"
4gre,3,6,B,564,CG/GC,2:B.DC18&2:A.DG3&&2:B.DG19&2:A.DC2,.,"-1.236,2.365,3.055","0.819,0.566,0.098,-0.571,0.820,0.041,-0.057,-0.090,0.994"
4gre,3,6,B,565,GC/GC,2:A.DG3&2:B.DC18&&2:A.DG4&2:B.DC17,B,"-1.004,0.960,3.965","0.782,0.604,-0.152,-0.601,0.796,0.074,0.166,0.033,0.986"
4gre,3,6,B,566,CG/CG,2:B.DC17&2:A.DG4&&2:B.DC18&2:A.DG3,B,"0.808,1.662,3.773","0.782,0.601,-0.166,-0.604,0.796,0.033,0.152,0.074,0.986"
4gre,3,6,B,567,GC/TA,2:A.DG4&2:B.DC17&&2:A.DT5&2:B.DA16,B,"0.114,0.354,3.376","0.787,0.617,-0.020,-0.617,0.787,0.005,0.020,0.009,1.000"
4gre,3,6,B,568,AT/CG,2:B.DA16&2:A.DT5&&2:B.DC17&2:A.DG4,B,"-0.240,0.226,3.380","0.786,0.617,-0.019,-0.617,0.787,0.008,0.020,0.005,1.000"
4hqi,1,4,B,569,AT/TA,1:A.DA6&1:B.DT19&&1:A.DT7&1:B.DA18,B,"0.166,-0.580,3.137","0.880,0.464,-0.105,-0.463,0.886,0.027,0.105,0.025,0.994"
4hqi,1,4,B,570,AT/TA,1:B.DA18&1:A.DT7&&1:B.DT19&1:A.DA6,B,"0.452,-0.506,3.122","0.880,0.464,-0.106,-0.464,0.886,0.025,0.104,0.027,0.994"
4i9v,0,12,B,571,GC/CG,1:A.DG2&1:B.DC23&&1:A.DC3&1:B.DG22,B,"0.297,0.513,3.624","0.740,0.652,0.165,-0.663,0.749,0.014,-0.114,-0.121,0.986"
4i9v,0,12,B,572,GC/CG,1:B.DG22&1:A.DC3&&1:B.DC23&1:A.DG2,B,"-1.154,0.240,3.477","0.740,0.663,0.114,-0.652,0.749,-0.121,-0.166,0.014,0.986"
4i9v,0,12,B,573,AT/AT,1:A.DA5&1:B.DT20&&1:A.DA6&1:B.DT19,B,"0.311,-0.043,3.275","0.778,0.627,-0.021,-0.628,0.778,-0.023,0.003,0.031,1.000"
4i9v,0,12,B,574,TA/TA,1:B.DT19&1:A.DA6&&1:B.DT20&1:A.DA5,B,"-0.144,-0.303,3.273","0.778,0.628,-0.003,-0.627,0.778,0.031,0.021,-0.023,1.000"
4i9v,0,12,B,575,AT/TA,1:A.DA6&1:B.DT19&&1:A.DT7&1:B.DA18,B,"0.135,-0.527,3.283","0.851,0.523,0.043,-0.524,0.852,-0.011,-0.042,-0.013,0.999"
4i9v,0,12,B,576,AT/TA,1:B.DA18&1:A.DT7&&1:B.DT19&1:A.DA6,B,"0.021,-0.554,3.282","0.851,0.523,0.042,-0.523,0.852,-0.013,-0.043,-0.011,0.999"
4i9v,0,12,B,577,TA/TA,1:A.DT7&1:B.DA18&&1:A.DT8&1:B.DA17,B,"0.113,-0.414,3.270","0.807,0.589,0.038,-0.590,0.807,0.015,-0.021,-0.035,0.999"
4i9v,0,12,B,578,AT/AT,1:B.DA17&1:A.DT8&&1:B.DA18&1:A.DT7,B,"0.028,-0.350,3.279","0.807,0.590,0.021,-0.589,0.807,-0.035,-0.038,0.015,0.999"
4i9v,0,12,B,579,GC/CG,1:A.DG10&1:B.DC15&&1:A.DC11&1:B.DG14,B,"-1.722,0.021,3.269","0.723,0.678,0.129,-0.669,0.735,-0.115,-0.172,-0.004,0.985"
4i9v,0,12,B,580,GC/CG,1:B.DG14&1:A.DC11&&1:B.DC15&1:A.DG10,B,"0.809,0.793,3.517","0.723,0.668,0.173,-0.679,0.735,-0.003,-0.129,-0.114,0.985"
4kw0,0,12,B,581,GC/AT,1:A.DG4&1:B.DC21&&1:A.DA5&1:B.DT20,B,"0.055,-0.207,3.418","0.758,0.651,-0.029,-0.652,0.758,-0.006,0.019,0.024,1.000"
4kw0,0,12,B,582,TA/CG,1:B.DT20&1:A.DA5&&1:B.DC21&1:A.DG4,B,"0.194,-0.213,3.413","0.758,0.652,-0.018,-0.652,0.758,0.024,0.030,-0.006,1.000"
4kw0,0,12,B,583,AT/AT,1:A.DA5&1:B.DT20&&1:A.DA6&1:B.DT19,B,"0.052,-0.317,3.268","0.809,0.587,0.012,-0.587,0.810,-0.021,-0.022,0.009,1.000"
4kw0,0,12,B,584,TA/TA,1:B.DT19&1:A.DA6&&1:B.DT20&1:A.DA5,B,"0.104,-0.355,3.263","0.809,0.587,0.022,-0.587,0.810,0.009,-0.012,-0.021,1.000"
4kw0,0,12,B,585,AT/TA,1:A.DA6&1:B.DT19&&1:A.DT7&1:B.DA18,B,"0.177,-0.552,3.251","0.851,0.524,0.038,-0.524,0.852,-0.017,-0.042,-0.006,0.999"
4kw0,0,12,B,586,AT/TA,1:B.DA18&1:A.DT7&&1:B.DT19&1:A.DA6,B,"0.013,-0.617,3.244","0.851,0.524,0.042,-0.524,0.851,-0.006,-0.039,-0.017,0.999"
4kw0,0,12,B,587,TA/TA,1:A.DT7&1:B.DA18&&1:A.DT8&1:B.DA17,B,"0.067,-0.566,3.197","0.825,0.565,0.036,-0.566,0.824,0.025,-0.015,-0.040,0.999"
4kw0,0,12,B,588,AT/AT,1:B.DA17&1:A.DT8&&1:B.DA18&1:A.DT7,B,"0.151,-0.426,3.216","0.825,0.566,0.016,-0.565,0.824,-0.041,-0.035,0.025,0.999"
4kw0,0,12,B,589,TA/CG,1:A.DT8&1:B.DA17&&1:A.DC9&1:B.DG16,B,"-0.095,-0.381,3.516","0.742,0.670,0.033,-0.669,0.743,-0.024,-0.041,-0.005,0.999"
4kw0,0,12,B,590,GC/AT,1:B.DG16&1:A.DC9&&1:B.DA17&1:A.DT8,B,"0.208,-0.303,3.519","0.742,0.669,0.041,-0.670,0.743,-0.005,-0.034,-0.024,0.999"
4kwx,0,10,B,591,CG/GC,1:A.DC2&1:B.DG9&&1:A.DG3&1:B.DC8,.,"-1.427,1.078,3.159","0.838,0.543,-0.061,-0.546,0.831,-0.102,-0.004,0.119,0.993"
4kwx,0,10,B,592,CG/GC,1:B.DC8&1:A.DG3&&1:B.DG9&1:A.DC2,.,"0.804,1.356,3.270","0.837,0.547,0.004,-0.542,0.832,0.118,0.061,-0.102,0.993"
4kwx,0,10,B,593,GC/GC,1:A.DG3&1:B.DC8&&1:A.DG4&1:B.DC7,B,"0.065,-0.219,3.682","0.805,0.591,-0.059,-0.590,0.807,0.035,0.067,0.007,0.998"
4kwx,0,10,B,594,CG/CG,1:B.DC7&1:A.DG4&&1:B.DC8&1:A.DG3,B,"0.294,-0.088,3.676","0.805,0.590,-0.068,-0.591,0.807,0.007,0.058,0.034,0.998"
4kwx,0,10,B,595,GC/CG,1:A.DG4&1:B.DC7&&1:A.DC5&1:B.DG6,B,"0.652,0.396,3.517","0.770,0.636,0.056,-0.638,0.770,0.009,-0.037,-0.042,0.998"
4kwx,0,10,B,596,GC/CG,1:B.DG6&1:A.DC5&&1:B.DC7&1:A.DG4,B,"-0.950,-0.080,3.470","0.769,0.638,0.038,-0.636,0.770,-0.042,-0.056,0.009,0.998"
4kwx,0,10,B,597,CG/GC,1:A.DC5&1:B.DG6&&1:A.DG6&1:B.DC5,B,"-0.173,0.599,3.065","0.868,0.478,-0.132,-0.477,0.878,0.035,0.132,0.032,0.991"
4kwx,0,10,B,598,CG/GC,1:B.DC5&1:A.DG6&&1:B.DG6&1:A.DC5,B,"0.268,0.718,3.033","0.869,0.478,-0.133,-0.478,0.878,0.032,0.132,0.035,0.991"
4kwx,0,10,B,599,GC/CG,1:A.DG6&1:B.DC5&&1:A.DC7&1:B.DG4,B,"-1.164,0.429,3.418","0.744,0.661,0.095,-0.661,0.750,-0.038,-0.096,-0.034,0.995"
4kwx,0,10,B,600,GC/CG,1:B.DG4&1:A.DC7&&1:B.DC5&1:A.DG6,B,"0.260,0.960,3.497","0.744,0.661,0.096,-0.661,0.750,-0.034,-0.094,-0.038,0.995"
4kwx,0,10,B,601,CG/CG,1:A.DC7&1:B.DG4&&1:A.DC8&1:B.DG3,B,"0.272,0.405,3.403","0.828,0.554,-0.092,-0.554,0.832,0.027,0.091,0.029,0.995"
4kwx,0,10,B,602,GC/GC,1:B.DG3&1:A.DC8&&1:B.DG4&1:A.DC7,B,"-0.136,0.277,3.424","0.828,0.553,-0.092,-0.554,0.832,0.029,0.092,0.026,0.995"
4kwx,0,10,B,603,CG/GC,1:A.DC8&1:B.DG3&&1:A.DG9&1:B.DC2,B,"0.804,0.738,3.291","0.854,0.505,-0.123,-0.501,0.862,0.073,0.143,-0.002,0.990"
4kwx,0,10,B,604,CG/GC,1:B.DC2&1:A.DG9&&1:B.DG3&1:A.DC8,B,"-0.656,0.476,3.371","0.854,0.500,-0.143,-0.506,0.863,-0.001,0.123,0.073,0.990"
4o5y,1,4,B,605,AT/TA,1:A.DA6&1:B.DT19&&1:A.DT7&1:B.DA18,B,"0.104,-0.593,3.280","0.859,0.512,-0.010,-0.513,0.858,0.016,0.017,-0.009,1.000"
4o5y,1,4,B,606,AT/TA,1:B.DA18&1:A.DT7&&1:B.DT19&1:A.DA6,B,"0.247,-0.510,3.286","0.859,0.513,-0.017,-0.513,0.858,-0.009,0.010,0.016,1.000"
4r49,0,10,B,607,CG/GC,1:A.DC2&1:B.DG9&&1:A.DG3&1:B.DC8,B,"-1.002,0.725,3.391","0.782,0.620,-0.068,-0.622,0.783,-0.026,0.037,0.062,0.997"
4r49,0,10,B,608,CG/GC,1:B.DC8&1:A.DG3&&1:B.DG9&1:A.DC2,B,"0.565,1.104,3.390","0.782,0.622,-0.037,-0.620,0.782,0.062,0.068,-0.026,0.997"
4r49,0,10,B,609,GC/GC,1:A.DG3&1:B.DC8&&1:A.DG4&1:B.DC7,B,"0.377,0.720,3.477","0.758,0.652,-0.011,-0.651,0.757,0.055,0.044,-0.035,0.998"
4r49,0,10,B,610,CG/CG,1:B.DC7&1:A.DG4&&1:B.DC8&1:A.DG3,B,"-0.718,0.490,3.463","0.758,0.651,-0.044,-0.652,0.757,-0.034,0.011,0.055,0.998"
4r49,0,10,B,611,GC/TA,1:A.DG4&1:B.DC7&&1:A.DT5&1:B.DA6,B,"0.418,-0.078,3.043","0.912,0.404,-0.074,-0.405,0.914,0.009,0.072,0.022,0.997"
4r49,0,10,B,612,AT/CG,1:B.DA6&1:A.DT5&&1:B.DC7&1:A.DG4,B,"-0.123,-0.214,3.063","0.912,0.405,-0.071,-0.405,0.914,0.022,0.075,0.009,0.997"
4r49,0,10,B,613,TA/AT,1:A.DT5&1:B.DA6&&1:A.DA6&1:B.DT5,B,"-0.036,0.352,3.579","0.718,0.695,-0.026,-0.695,0.719,0.019,0.032,0.004,0.999"
4r49,0,10,B,614,TA/AT,1:B.DT5&1:A.DA6&&1:B.DA6&1:A.DT5,B,"-0.127,0.347,3.578","0.718,0.695,-0.032,-0.695,0.719,0.004,0.026,0.019,0.999"
4r49,0,10,B,615,AT/CG,1:A.DA6&1:B.DT5&&1:A.DC7&1:B.DG4,B,"-0.222,-0.169,3.129","0.903,0.424,-0.074,-0.425,0.905,0.009,0.070,0.024,0.997"
4r49,0,10,B,616,GC/TA,1:B.DG4&1:A.DC7&&1:B.DT5&1:A.DA6,B,"0.503,-0.031,3.101","0.903,0.424,-0.070,-0.424,0.905,0.023,0.074,0.009,0.997"
4r49,0,10,B,617,CG/CG,1:A.DC7&1:B.DG4&&1:A.DC8&1:B.DG3,B,"-0.758,0.525,3.447","0.758,0.651,-0.041,-0.652,0.757,-0.034,0.009,0.052,0.999"
4r49,0,10,B,618,GC/GC,1:B.DG3&1:A.DC8&&1:B.DG4&1:A.DC7,B,"0.374,0.776,3.463","0.758,0.652,-0.009,-0.651,0.758,0.053,0.041,-0.033,0.999"
4r49,0,10,B,619,CG/GC,1:A.DC8&1:B.DG3&&1:A.DG9&1:B.DC2,B,"0.508,1.156,3.375","0.779,0.626,-0.038,-0.624,0.780,0.058,0.066,-0.022,0.998"
4r49,0,10,B,620,CG/GC,1:B.DC2&1:A.DG9&&1:B.DG3&1:A.DC8,B,"-0.993,0.781,3.375","0.779,0.624,-0.066,-0.626,0.780,-0.022,0.038,0.058,0.998"
5cjy,0,12,B,621,GC/AT,1:A.DG4&1:B.DC21&&1:A.DA5&1:B.DT20,B,"-0.035,-0.281,3.415","0.800,0.598,-0.047,-0.599,0.801,-0.015,0.030,0.040,0.999"
5cjy,0,12,B,622,TA/CG,1:B.DT20&1:A.DA5&&1:B.DC21&1:A.DG4,B,"0.358,-0.253,3.398","0.800,0.599,-0.030,-0.598,0.801,0.040,0.047,-0.014,0.999"
5cjy,0,12,B,623,AT/AT,1:A.DA5&1:B.DT20&&1:A.DA6&1:B.DT19,B,"0.039,-0.343,3.304","0.801,0.598,0.013,-0.598,0.801,-0.026,-0.026,0.013,1.000"
5cjy,0,12,B,624,TA/TA,1:B.DT19&1:A.DA6&&1:B.DT20&1:A.DA5,B,"0.130,-0.384,3.297","0.801,0.597,0.026,-0.599,0.801,0.013,-0.013,-0.026,1.000"
5cjy,0,12,B,625,AT/TA,1:A.DA6&1:B.DT19&&1:A.DT7&1:B.DA18,B,"0.117,-0.596,3.276","0.837,0.546,0.040,-0.546,0.838,-0.008,-0.039,-0.015,0.999"
5cjy,0,12,B,626,AT/TA,1:B.DA18&1:A.DT7&&1:B.DT19&1:A.DA6,B,"0.095,-0.590,3.278","0.837,0.546,0.039,-0.546,0.838,-0.015,-0.040,-0.008,0.999"
5cjy,0,12,B,627,TA/TA,1:A.DT7&1:B.DA18&&1:A.DT8&1:B.DA17,B,"0.028,-0.434,3.236","0.815,0.578,0.032,-0.579,0.815,0.014,-0.017,-0.030,0.999"
5cjy,0,12,B,628,AT/AT,1:B.DA17&1:A.DT8&&1:B.DA18&1:A.DT7,B,"0.126,-0.324,3.247","0.815,0.579,0.018,-0.578,0.815,-0.030,-0.032,0.014,0.999"
5cjy,0,12,B,629,TA/CG,1:A.DT8&1:B.DA17&&1:A.DC9&1:B.DG16,B,"-0.136,-0.323,3.459","0.745,0.665,0.041,-0.665,0.746,-0.018,-0.043,-0.014,0.999"
5cjy,0,12,B,630,GC/AT,1:B.DG16&1:A.DC9&&1:B.DA17&1:A.DT8,B,"0.174,-0.213,3.466","0.745,0.665,0.043,-0.665,0.747,-0.014,-0.041,-0.018,0.999"
5dsa,1,6,B,631,CG/GC,1:A.DC8&1:B.DG13&&1:A.DG9&1:B.DC12,.,"-0.997,2.462,3.300","0.786,0.616,0.053,-0.617,0.787,-0.005,-0.045,-0.030,0.999"
5dsa,1,6,B,632,CG/GC,1:B.DC12&1:A.DG9&&1:B.DG13&1:A.DC8,.,"-0.912,2.537,3.267","0.786,0.617,0.045,-0.617,0.787,-0.029,-0.054,-0.004,0.999"
5dsa,3,6,B,633,CG/GC,2:A.DC8&2:B.DG13&&2:A.DG9&2:B.DC12,.,"-0.997,2.462,3.300","0.786,0.616,0.053,-0.617,0.787,-0.005,-0.045,-0.030,0.999"
5dsa,3,6,B,634,CG/GC,2:B.DC12&2:A.DG9&&2:B.DG13&2:A.DC8,.,"-0.912,2.537,3.267","0.786,0.617,0.045,-0.617,0.787,-0.029,-0.054,-0.004,0.999"
5dsb,0,6,B,635,CG/GC,1:A.DC2&1:B.DG19&&1:A.DG3&1:B.DC18,.,"-0.844,2.466,3.336","0.804,0.590,0.073,-0.589,0.807,-0.027,-0.074,-0.021,0.997"
5dsb,0,6,B,636,CG/GC,1:B.DC18&1:A.DG3&&1:B.DG19&1:A.DC2,.,"-1.018,2.399,3.336","0.804,0.590,0.075,-0.590,0.807,-0.021,-0.073,-0.027,0.997"
5dsb,3,6,B,637,CG/GC,2:A.DC2&2:B.DG19&&2:A.DG3&2:B.DC18,.,"-0.844,2.466,3.336","0.804,0.590,0.073,-0.589,0.807,-0.027,-0.074,-0.021,0.997"
5dsb,3,6,B,638,CG/GC,2:B.DC18&2:A.DG3&&2:B.DG19&2:A.DC2,.,"-1.018,2.399,3.336","0.804,0.590,0.075,-0.590,0.807,-0.021,-0.073,-0.027,0.997"
5ezf,0,12,B,639,GC/CG,1:A.DG2&1:B.DC11&&1:A.DC3&1:B.DG10,B,"0.775,0.905,3.464","0.739,0.669,0.083,-0.669,0.743,-0.022,-0.076,-0.040,0.996"
5ezf,0,12,B,640,GC/CG,1:B.DG10&1:A.DC3&&1:B.DC11&1:A.DG2,B,"-1.466,0.078,3.357","0.739,0.670,0.076,-0.669,0.742,-0.039,-0.084,-0.022,0.996"
5ezf,0,12,B,641,CG/TA,1:A.DC3&1:B.DG10&&1:A.DT4&1:B.DA9,B,"-0.747,0.250,3.019","0.920,0.386,-0.064,-0.384,0.922,0.058,0.081,-0.028,0.996"
5ezf,0,12,B,642,AT/GC,1:B.DA9&1:A.DT4&&1:B.DG10&1:A.DC3,B,"0.785,0.690,2.940","0.920,0.383,-0.081,-0.387,0.922,-0.028,0.064,0.058,0.996"
5ezf,0,12,B,643,TA/AT,1:A.DT4&1:B.DA9&&1:A.DA5&1:B.DT8,B,"-0.375,1.023,3.495","0.600,0.799,0.045,-0.797,0.602,-0.051,-0.066,-0.005,0.998"
5ezf,0,12,B,644,TA/AT,1:B.DT8&1:A.DA5&&1:B.DA9&1:A.DT4,B,"-0.747,0.738,3.507","0.600,0.798,0.067,-0.799,0.602,-0.005,-0.044,-0.050,0.998"
5ezf,0,12,B,645,AT/TA,1:A.DA5&1:B.DT8&&1:A.DT6&1:B.DA7,B,"0.184,-0.675,3.189","0.896,0.444,0.023,-0.444,0.896,0.030,-0.007,-0.036,0.999"
5ezf,0,12,B,646,AT/TA,1:B.DA7&1:A.DT6&&1:B.DT8&1:A.DA5,B,"0.063,-0.591,3.210","0.896,0.444,0.007,-0.444,0.895,-0.037,-0.023,0.029,0.999"
5ezf,0,12,B,647,TA/AT,1:A.DT6&1:B.DA7&&1:A.DA7&1:B.DT6,B,"0.100,0.565,3.424","0.757,0.651,-0.058,-0.651,0.759,0.020,0.057,0.022,0.998"
5ezf,0,12,B,648,TA/AT,1:B.DT6&1:A.DA7&&1:B.DA7&1:A.DT6,B,"-0.246,0.433,3.436","0.757,0.651,-0.057,-0.651,0.759,0.022,0.057,0.020,0.998"
5ezf,0,12,B,649,AT/AT,1:A.DA7&1:B.DT6&&1:A.DA8&1:B.DT5,B,"-0.029,0.034,3.227","0.816,0.576,-0.054,-0.578,0.816,-0.017,0.035,0.045,0.998"
5ezf,0,12,B,650,TA/TA,1:B.DT5&1:A.DA8&&1:B.DT6&1:A.DA7,B,"0.180,-0.011,3.222","0.816,0.578,-0.034,-0.576,0.816,0.046,0.054,-0.017,0.998"
5ezf,0,12,B,651,AT/TA,1:A.DA8&1:B.DT5&&1:A.DT9&1:B.DA4,B,"-0.061,-0.604,3.332","0.864,0.500,-0.060,-0.501,0.866,0.004,0.054,0.027,0.998"
5ezf,0,12,B,652,AT/TA,1:B.DA4&1:A.DT9&&1:B.DT5&1:A.DA8,B,"0.554,-0.479,3.307","0.864,0.500,-0.054,-0.500,0.866,0.026,0.060,0.004,0.998"
5ezf,0,12,B,653,TA/GC,1:A.DT9&1:B.DA4&&1:A.DG10&1:B.DC3,B,"0.272,1.137,3.047","0.858,0.493,-0.147,-0.496,0.868,0.014,0.134,0.061,0.989"
5ezf,0,12,B,654,CG/AT,1:B.DC3&1:A.DG10&&1:B.DA4&1:A.DT9,B,"-0.347,0.895,3.119","0.858,0.496,-0.134,-0.493,0.868,0.061,0.147,0.014,0.989"
5ezf,0,12,B,655,GC/CG,1:A.DG10&1:B.DC3&&1:A.DC11&1:B.DG2,B,"-1.090,0.211,3.224","0.758,0.651,0.031,-0.650,0.759,-0.036,-0.047,0.008,0.999"
5ezf,0,12,B,656,GC/CG,1:B.DG2&1:A.DC11&&1:B.DC3&1:A.DG10,B,"0.589,0.751,3.273","0.758,0.650,0.048,-0.651,0.759,0.008,-0.030,-0.036,0.999"
5vbj,0,6,B,657,CG/GC,1:A.DC2&1:B.DG19&&1:A.DG3&1:B.DC18,B,"-1.062,0.803,3.357","0.779,0.623,-0.062,-0.626,0.773,-0.101,-0.015,0.118,0.993"
5vbj,0,6,B,658,CG/GC,1:B.DC18&1:A.DG3&&1:B.DG19&1:A.DC2,B,"0.536,0.947,3.443","0.779,0.627,0.015,-0.623,0.773,0.117,0.062,-0.101,0.993"
5vbj,3,6,B,659,CG/GC,2:A.DC2&2:B.DG19&&2:A.DG3&2:B.DC18,B,"-1.062,0.803,3.357","0.779,0.623,-0.062,-0.626,0.773,-0.101,-0.015,0.118,0.993"
5vbj,3,6,B,660,CG/GC,2:B.DC18&2:A.DG3&&2:B.DG19&2:A.DC2,B,"0.536,0.947,3.443","0.779,0.627,0.015,-0.623,0.773,0.117,0.062,-0.101,0.993"
5w20,0,10,B,661,CG/AT,1:A.DC2&1:B.DG9&&1:A.DA3&1:B.DT8,.,"-1.275,2.879,3.203","0.672,0.736,0.077,-0.732,0.677,-0.080,-0.111,-0.003,0.994"
5w20,0,10,B,662,TA/GC,1:B.DT8&1:A.DA3&&1:B.DG9&1:A.DC2,.,"-1.510,2.626,3.316","0.672,0.732,0.111,-0.736,0.676,-0.003,-0.077,-0.080,0.994"
5w20,0,10,B,663,TA/GC,1:A.DT8&1:B.DA3&&1:A.DG9&1:B.DC2,.,"-1.852,2.740,3.224","0.650,0.754,0.092,-0.755,0.655,-0.036,-0.088,-0.046,0.995"
5w20,0,10,B,664,CG/AT,1:B.DC2&1:A.DG9&&1:B.DA3&1:A.DT8,.,"-1.160,3.076,3.244","0.650,0.755,0.088,-0.754,0.655,-0.046,-0.092,-0.036,0.995"
5xuv,0,5,B,665,GC/CG,1:A.DG2&1:B.DC23&&1:A.DC3&1:B.DG22,B,"0.715,-0.152,3.415","0.819,0.573,-0.035,-0.573,0.819,0.000,0.028,0.020,0.999"
5xuv,0,5,B,666,GC/CG,1:B.DG22&1:A.DC3&&1:B.DC23&1:A.DG2,B,"-0.380,-0.534,3.430","0.819,0.574,-0.029,-0.573,0.819,0.020,0.034,0.000,0.999"
5xuv,0,5,B,667,CG/GC,1:A.DC3&1:B.DG22&&1:A.DG4&1:B.DC21,B,"-0.193,0.600,3.229","0.849,0.499,-0.172,-0.487,0.866,0.110,0.204,-0.009,0.979"
5xuv,0,5,B,668,CG/GC,1:B.DC21&1:A.DG4&&1:B.DG22&1:A.DC3,B,"0.420,0.968,3.116","0.849,0.487,-0.204,-0.499,0.866,-0.009,0.172,0.110,0.979"
5xuv,1,5,B,669,CG/GC,1:A.DC9&1:B.DG16&&1:A.DG10&1:B.DC15,B,"0.604,1.046,3.124","0.862,0.504,-0.064,-0.504,0.864,0.003,0.057,0.030,0.998"
5xuv,1,5,B,670,CG/GC,1:B.DC15&1:A.DG10&&1:B.DG16&1:A.DC9,B,"-0.845,0.608,3.183","0.862,0.504,-0.057,-0.504,0.863,0.030,0.065,0.003,0.998"
5xuv,1,5,B,671,GC/CG,1:A.DG10&1:B.DC15&&1:A.DC11&1:B.DG14,B,"-1.732,0.036,3.291","0.740,0.668,0.078,-0.664,0.744,-0.075,-0.108,0.004,0.994"
5xuv,1,5,B,672,GC/CG,1:B.DG14&1:A.DC11&&1:B.DC15&1:A.DG10,B,"1.000,0.931,3.459","0.740,0.664,0.108,-0.669,0.744,0.003,-0.078,-0.075,0.994"
5zat,0,10,B,673,CG/AT,1:A.DC2&1:B.DG9&&1:A.DA3&1:B.DT8,.,"-1.564,1.932,3.312","0.855,0.513,-0.077,-0.517,0.855,-0.042,0.044,0.075,0.996"
5zat,0,10,B,674,TA/GC,1:B.DT8&1:A.DA3&&1:B.DG9&1:A.DC2,.,"0.600,2.323,3.375","0.855,0.517,-0.045,-0.513,0.855,0.075,0.077,-0.042,0.996"
5zat,0,10,B,675,AT/GC,1:A.DA3&1:B.DT8&&1:A.DG4&1:B.DC7,.,"-1.150,2.085,3.187","0.655,0.749,0.095,-0.739,0.662,-0.128,-0.159,0.013,0.987"
5zat,0,10,B,676,CG/TA,1:B.DC7&1:A.DG4&&1:B.DT8&1:A.DA3,.,"-1.113,1.822,3.357","0.655,0.739,0.159,-0.749,0.662,0.013,-0.095,-0.128,0.987"
5zat,0,10,B,677,CG/TA,1:A.DC7&1:B.DG4&&1:A.DT8&1:B.DA3,B,"-0.294,-0.108,3.412","0.814,0.576,-0.073,-0.573,0.817,0.060,0.095,-0.007,0.995"
5zat,0,10,B,678,AT/GC,1:B.DA3&1:A.DT8&&1:B.DG4&1:A.DC7,B,"0.552,0.287,3.369","0.814,0.573,-0.095,-0.576,0.817,-0.007,0.073,0.061,0.995"
5zat,0,10,B,679,TA/GC,1:A.DT8&1:B.DA3&&1:A.DG9&1:B.DC2,.,"-1.990,2.757,3.321","0.612,0.778,0.138,-0.775,0.626,-0.090,-0.157,-0.051,0.986"
5zat,0,10,B,680,CG/AT,1:B.DC2&1:A.DG9&&1:B.DA3&1:A.DT8,.,"-1.385,2.966,3.446","0.612,0.775,0.157,-0.778,0.626,-0.051,-0.138,-0.091,0.986"
